Issue Date,0,1,2,3,4,5,6,7,8,9,10,11,12,13,14,15,16,17,18,19,20,21,22,23,24,25,26,27,28,29,30,31,32,33,34,35,36,37,38,39,40,41,42,43,44,45,46,47,48,49,50,51,52,53,54,55,56,57,58,60,61,62,63,64,65,66,67,68,69,70,71,72,73,74,75,76,77,78,79,80,81,82,83,84,85,86,87,88,89,90,91,92,93,94,95,96,97,98,99,100,101,102,103,104,105,106,107,108,109,110,111,112,113,114,115,116,117,118,119,120,121,122,123
2014-02-28,1192.12605724611,3150.1544815344078,16.999703239073863,8.999909439371024,17.999482429184614,1971.4045109249737,2611.779814050495,1994.3858209653627,19.99942146351412,2102.5339369341373,2452.0326897187397,26.999180542423236,13.999099548818869,3550.708733521493,4855.7987863778935,17.999651519000896,13.999382259260068,2538.0647129361478,5156.181509346209,8675.674054188057,3086.419205800906,12.999937061270977,62.9949535924185,1797.6452014355461,2627.3662338419394,1334.9759252635336,1068.1945694452083,142.82935054715463,1560.3406933333044,7.999895977011543,1336.9214957874194,4.999984724579316,1437.1377068074219,2158.6027945195806,2174.0251643918477,2.9999860267036924,7.999772463197785,13.999910836344958,0.9999972331728807,3.9999778788263614,1946.538101547953,1157.1308163467793,782.962183998592,2203.715455332576,1828.4907908209784,1660.5067346557466,2285.930498275507,2008.4636630987054,1258.7447211780952,2192.9542520276736,1647.763145449182,3.9999956904751945,3004.646938292348,7.999966433816059,0.9999980523463994,0.9999991237566962,,0.9999899895943264,0.9999933144331288,1055.5503726936113,2828.021896820577,1962.144418337155,1272.6682202444717,16.999811421024944,13.999863173678309,2577.8627818027135,2376.3053275489383,2235.210823651855,1187.398373968424,3327.0239165502135,1912.2741764969542,1271.4306637859102,1757.110247214563,21.999501106507452,2497.4427981754875,1242.6225494162823,2082.7896072452245,2223.2045298626376,1539.8448076244113,5.999988233014059,870.7714728031028,16.999629178165296,1662.7193560224748,3118.140582019819,,6.999948545824403,10.999869587663918,982.5809053520118,16.999684721216912,1530.8334762647978,1.999989466810998,2.999990804089113,,1105.058200285195,0.9999995096366983,6.999947962225181,3.9999957761570952,3.9999480358191604,2.99999330314163,637.6760009749761,1021.9385555598446,1906.2062258095614,3115.159013339881,1852.9575044127707,1891.1595343880733,1766.6965942855852,1631.9135600376885,1792.3114629875633,4039.781459345384,2371.118028739834,1388.5644852090127,2570.5548290786737,966.6213131882276,3650.7986980206015,3232.4786413821093,6.999942334191628,6.99997523520395,6.999897405800268,,637.0620542473845,722.7315846549803,843.4797670582468,550.7874139365875
2014-03-31,1226.844258754333,3725.0340391766294,17.852438531758644,10.951153703736448,15.166049542020803,1922.0158692188088,2784.187720184474,1988.7027884421648,20.000007124605993,2017.024960438887,2425.368795161455,19.17461330462117,16.14748766284691,3315.2423329848684,5752.087095445096,14.836221628225722,12.541084135690133,2746.5735639901013,5729.2421958934165,8655.71011161834,2949.962674160165,10.541635775236914,74.1708864708278,1698.896112769316,2368.950216573058,1313.63250138395,1023.207521226338,104.13577243980006,1527.7707166077587,6.388245852900256,1179.8234578031086,5.858198222310783,1497.7658290135134,2197.0871767895837,2104.548351668108,2.493360317890913,7.999907593444037,13.999960916769727,2.6551559177657733,3.395547451873083,1799.3480912315013,1081.0120143218392,909.728363134588,2001.3083449761618,1776.4060109002678,1566.3064842895797,2054.6222169155785,2091.817708737,1226.6076870774284,2003.518546950119,1606.9982312059817,2.8996855924361045,3218.3855767225114,5.61122043562732,1.4834014366130392,,0.9999926560090551,8.701024370131321,,1237.6340817317382,2985.9749871876625,1936.8690602379686,1393.3866766126243,11.779432504059834,10.856779271393938,2848.877627457807,2523.01623895032,2333.832149481063,1273.1394058983292,4093.0852343628576,1914.2931178719127,1145.5065462772732,1571.013295104913,19.575577886584814,2583.7056208686886,1246.588842535269,2082.294033595529,2077.436895702886,1533.05942218847,5.274079003734135,896.2467708304456,15.250299810640053,1565.4658582751308,3184.47890465805,1.9999936212838458,5.624174623847994,9.42723491304881,935.6568948020227,13.12110172217912,1579.492679122714,2.479008100710277,2.9999959729703938,,1116.5046992143698,1.6442651026571562,4.639181225249581,4.558827758660941,3.595917798600482,4.0887440318761765,556.9406517483429,990.7565843549202,1817.4419212129258,3127.8311811433978,1858.9676506523908,1744.6598434290108,1731.721418793469,1539.7093847068313,1896.332746063887,4286.765882359051,2169.2044036528155,1253.4342875032437,2583.0688051604434,913.4550933335688,4189.380624763688,3509.7006344865163,5.637210215407677,8.282641644780716,5.1566725837608836,2.9998943419053226,599.5103598695702,712.0316219151614,770.668165562067,543.6033895460182
2014-04-30,1520.032827008466,3765.8433307810174,18.705163319302585,13.518557287263869,16.668336838203963,2083.554951837032,3046.419288590573,2216.5380299880326,20.328932719529394,2232.482985052023,2636.223659092852,15.722170298252486,18.968720018978726,4232.808530358955,6354.129911300005,14.157953953860861,14.570253961418635,3353.481540688663,6253.608060323486,10747.63361787497,3725.8652973832395,10.059219421202133,57.14827452679715,2008.4982962191862,2977.643608242541,1583.8841569053561,1068.746821491793,122.3735429172027,1752.7476728814331,8.291690181076435,1218.9262757019978,4.913041175852773,1537.6034046963566,2491.4676429917654,2562.166777265926,2.3293322480494556,7.405282021737517,10.648517442103183,,3.2834291759185605,2309.9919869525206,1289.6089529232788,974.5861342214605,2351.2831717028544,2033.4560327947759,1821.7199685864534,2502.406806916287,2274.57516039599,1468.0412690310177,2393.1966968607876,1830.774450605929,2.209955630187949,3641.10352875895,4.869100764991635,2.629031716567375,0.9999995460490853,3.5359821864875887,9.01391467788427,0.9999970447393811,1699.4841793413302,3129.645590628636,2674.457152824092,1599.124107389307,14.173129382442188,8.182382497609273,3398.080598169767,2858.3596430370885,2674.0750085121954,1470.3883292067485,4797.629172353524,2343.798505746203,1870.075453801343,1719.9802023795523,17.679882822692857,2990.366549632156,1574.6069811551622,2388.196955709337,2431.9429562208597,1766.7526157497614,5.211276813449307,967.0087001109479,14.124901332848964,1783.3278123342814,3975.7156545749767,1.4749680524582989,5.593917341078292,11.177394158470282,1148.114428021265,15.454739516178963,1938.965130538867,2.3569040692380288,,1.9999966140120082,1242.826424232249,2.288530681655695,4.78244025235236,3.8472385928674644,4.099540936403008,2.7689154475914446,702.0224034560171,1005.7594558500793,1850.2881051077304,3317.1936127627146,1959.7197891726412,1779.880332212346,1669.9251202241512,1669.1818155015435,2189.713969200057,4755.829107690782,2569.486426340352,1408.763295033031,3228.974406775512,948.7871164803449,4909.425041874962,3891.251827394547,5.077162721829827,6.832079011125149,5.72104926658784,3.949328985086117,730.765758398275,718.3801608187318,886.3718027513721,533.3861134622388
2014-05-31,1334.642796653963,4111.471179134059,17.91954059246455,14.139435265221856,18.880819241652727,2242.039935186201,3228.1491885780956,2325.488562522708,18.38393626375619,2284.2634382252168,2943.481375227379,13.605137243119248,12.587114577853018,4398.429182205282,6803.581128103561,15.819251869314146,14.855936664497486,3561.127014605071,6560.902884389337,11097.943871110268,4168.601851638225,7.939821067657656,52.82074371935084,2006.759288843694,3124.4605994738945,1649.925897350155,1227.8796676164334,117.08837502137435,1717.1422109920995,8.370936805794688,1041.7650628240406,4.427569892866362,1534.095539986725,2482.6341574401204,2397.2164416170317,1.9836431619715633,6.514128437078544,8.88894110925807,3.868653657753559,2.3613720685405326,2104.5975749951695,1116.031434094777,658.402206620253,2233.577338479569,1976.3350268636707,1849.737721822659,2583.580491500609,2003.602632518448,1354.7090902104742,2270.182403028403,1517.3499794034321,,3308.9652047541827,,3.5466077482957137,1.36133608977686,,7.748460674531976,,1609.7519675121353,2981.8072056938895,2677.108048155392,1375.654436130149,10.937218510648645,7.406971469580252,2967.159851074868,2726.1512243055076,2995.1590440414434,1319.9333064414534,4445.180277430065,2204.4276593083737,2011.572913550089,1569.9503680172973,16.365166743380627,2935.043590108098,1694.4188331906666,2272.2791375854554,3071.8789130172704,1668.0811521907046,4.538491707144802,1043.5453388813542,12.15399303591202,1924.4876073499145,4265.475045859336,2.0624758561178895,8.378352426520664,13.42241923248841,1268.5193055436841,14.353191746513867,1684.3024921874019,2.479011355737552,,2.0000006067819918,1449.2161979611114,1.9400275958987718,3.976840229402045,3.2676678848173992,4.488066506928668,3.3107384196002876,612.1464938837108,831.7571237496467,1875.305926622585,3307.1756874657713,1928.1361103990193,1785.2727845721545,1637.863040101272,1660.6818253926247,2435.6081238344796,4820.881632748625,2682.0739521233236,1382.5917061595276,3405.848087598027,961.2177297629179,4963.021391876497,4165.237648036522,5.038356992364816,4.6922532049733245,5.390149098676705,3.429812967701282,664.9701957225845,703.5561156864251,943.4298834289111,478.8638994972296
2014-06-30,1253.9776387105023,3889.0364521623346,20.350399786784543,15.540549547333534,16.746324802497476,2215.392484680535,3136.6635715314683,2345.8076361098215,15.178658337951289,2348.9949322437633,2915.7131173257617,14.021160271011643,16.279762065318195,4455.484763614824,6627.352759917728,15.202696696845052,13.73411637658127,3127.8302037223625,6493.556257336046,11170.622330017382,4303.13177453583,8.983841336375828,47.0219265040678,2033.1612693983425,3161.611931409369,1601.9970830080147,1389.07999189437,93.89068346625844,1742.4352347514698,7.938477648340586,1338.4152208057596,4.40930729081132,1532.194747421343,2628.1718539894937,2596.6511778033537,2.2131052932636415,5.697008089253364,8.708322251981471,3.5772971026316167,3.6742187475121804,2135.374389534625,1096.329257405469,847.854751470772,2278.28792463899,1954.1313235422338,1961.4974525347848,2366.4790396621515,1919.0474576302074,1522.8368948223083,2325.999199738278,1661.8567199453078,2.2605497389054214,3194.565319548556,4.939028053850816,5.786864674853178,,4.0048821743337575,6.653308167392474,0.9999981031267152,1650.6683476050562,3161.191713805427,2845.4242752135974,1389.8530759274217,11.30039386929758,8.690096365292797,3721.4039831046593,2535.833045879798,2960.303084203878,1233.9685000223071,4094.5692158884904,2407.2911702175384,2117.0880108748806,1446.1348089272342,14.711779213390468,2775.2419231655313,1527.110650600065,2044.685455662253,2881.9585863659695,1846.5772162683354,8.094489151805544,1020.2654888987782,10.20039909607133,1850.2026183577675,3966.7095458477565,2.478292802076438,6.701439551667885,11.609265406460333,1172.3147028041985,12.121701619939966,1950.6535257636185,2.2623074331516286,2.528679450807818,,1450.9957242638188,1.9503479422984984,4.108662516617754,3.635228368199376,4.065672425788048,4.381738421656396,976.8676286769748,745.2512485326081,1834.153287040731,3161.758117780377,1950.7256677557496,1925.2805465451906,1571.2462935587982,1500.6646165665043,2526.266019047915,4745.713783322788,2696.6813042484246,1457.0750867835707,3082.241796220578,884.5868185488332,5063.880843060282,4320.82119466797,4.19232884777367,5.593399581012486,4.462238068815958,3.0635417115289565,664.0744591173034,704.1083234564148,1089.8201109565641,483.5813969340742
2014-07-31,1234.966179325542,3775.710129058178,19.612534296481353,14.622431842474846,16.526544621616715,2265.3884867865354,3059.1064025597148,2379.7031952813377,20.1109633735218,2306.486671991261,3020.358755298394,12.924376749026338,20.42184528745198,4660.661038254513,6251.001865251982,15.13991841478393,11.701730835482515,2897.8109335710656,5802.916356029825,10627.982872571414,3963.9227033773923,9.400825600718903,44.735902474830844,1910.1284041664628,3142.4428765728403,1618.190355795191,1325.5384477542493,162.6295835821362,1875.0484435172837,8.274319953798523,1289.6612315746522,3.7777959922815896,1443.3712023089286,2187.850310887723,2598.113037411968,2.8947211269413318,5.194255630314148,8.088740066609178,3.4098441339400565,4.23941032762368,1886.7191101115905,922.5989806606892,670.7023783436994,2039.7377315360836,1886.7810614279347,1846.5401046039792,2458.308348604248,1884.5000924247615,1371.6805295066833,2304.233020582066,1499.3845160695864,2.5024387520837075,3037.4863244749117,4.448011702310719,5.99710560140449,1.7995954771589997,3.7266876872709807,,,1715.495524245131,3473.684998562274,2677.8569123908687,1448.4383827465515,9.886109278588222,8.320713827462095,3778.003790270214,2487.364557442271,2884.4450963643712,1133.9411211231077,4475.4840797805555,2318.291431780333,1646.3875180467726,1337.090399737174,13.227161728939329,2644.0980746132154,1444.1461682926363,1742.4968048382461,2703.252862007123,1898.9669848621359,7.202404283726368,987.4603502220431,9.161075733345767,1724.4063961678844,3749.5328564339575,2.3418758785518956,6.024443854958713,13.669936816056072,1128.3976246353695,13.434180988272793,1892.3854593214778,2.0490597169384115,,,1326.5532035421495,1.5222872796405393,3.8707621504649525,,4.6297204364631686,4.092787473864578,1043.6072907839239,623.0611023459014,1738.8112662179412,3030.1148443644806,1889.853129990172,1731.0193115638112,1515.7744491031258,1378.8925602637119,2437.6025367975326,4599.042851049688,2526.994030848152,1417.9173200125417,3092.4154787642274,898.7392573339723,5337.991554873476,4340.124181299604,3.9328000456804375,,4.78952555433368,2.8466561213243526,726.7691251104969,680.5888382851847,1030.9715347125878,503.74872972795396
2014-08-31,1120.2811412769727,3929.797864164545,21.22583230072979,20.286119876080818,16.254330286740334,2331.7615670373525,3323.1009600830043,2263.7089987172358,22.300016022474477,2092.5345307844545,3085.8771508355294,12.163230436682639,21.50890356052048,4713.988967738105,6056.639715598713,16.065730976477717,10.014159482325312,3157.709815851868,5740.281969689005,10257.569137941153,3878.1532058145067,6.705571351777358,53.2814017263692,1868.825947314947,3134.6506386865267,1546.8869142999504,1241.5362552806232,123.05777378974612,1748.4032547214026,7.408785986775547,1177.8534607987142,3.751216537062345,1348.4989850406298,2122.0013666229343,2475.4451198569595,2.8752764806645033,5.157406244999132,7.68715648843689,3.3890906764205218,4.131589065543837,1779.9694487213278,853.1709016967721,875.1502805506188,2126.2730613920867,1830.7605561760568,1907.2418417099086,2508.2386261460974,2338.4984200862273,1358.609200293694,2220.562605694588,1515.9441253123593,2.060378401035324,3079.0902344793294,4.331072610830246,5.05003535466327,1.5697791456243997,4.008666441725907,5.578174395504089,0.9999986033267866,2031.060398548991,2985.7485084739883,2811.238066163065,1296.0411623211585,8.670282500682234,6.597586517612786,3614.454406816877,2483.1562427764293,2703.610917500298,1121.2295609616112,3972.2380431229026,2396.5700054546496,1588.8600405629636,1332.5688535572388,13.25691518678143,2602.037122782968,1342.2445217244758,1709.3694789994888,2740.4864380256136,1875.9770173036352,8.47046294269303,892.2606804463369,7.979983617652808,1650.122255584023,3894.067835068947,2.195136283171634,4.795511202558651,12.366026850012284,1167.7171766116014,14.305287043173049,1966.725622344615,1.8974492299408037,2.405055573990478,3.218515298097616,1222.2008699406927,,4.705031402960628,3.7065355539653204,4.619676805706118,3.8078289928627282,1581.0242679146352,766.7643199170233,1721.5353952477924,2980.705637165593,1798.5826248121873,1611.220630216689,1568.2809697590671,1301.8105222289716,2348.518233955603,4367.345282097194,2607.4664983337057,1377.4595009753043,3114.710192680518,845.9660971070953,5029.811164001298,3871.548016781927,3.91197428684901,4.216052889144361,5.205491546977794,2.8220270220846886,661.9840114059018,684.654093162634,766.7349650304872,463.9070226039286
2014-09-30,1330.0584397409054,4152.102754921526,19.719204544105054,16.973936562821592,15.757499356096098,2504.912394563415,3488.4089331241153,2387.398977889288,24.14772337277515,2382.3318380482915,3140.9429075370813,11.61030490856183,19.77224617750648,4856.250814680078,6255.32358820632,18.28018412980683,12.009020604878161,3379.0131155493114,6148.422271304523,9892.830071164135,4070.151974595766,6.771045805034498,52.52608643509206,1774.3482525249594,3074.255342888102,1937.485645711662,1306.6328068164123,106.5517996825802,2259.5784182509647,8.414608983593716,1193.0347684488179,4.080484996771142,1501.1587939489402,2286.326546634363,3250.772838697258,3.1777162160076484,5.26383074166514,7.253587273590886,3.1383144858231784,4.559600663239703,2086.7369883135243,1083.9814652786163,1223.0349088468358,2160.614283902484,2131.8063045006893,2155.4623365578454,2713.778710685623,3192.899354046349,1394.7888993543,2509.9450090822584,1589.4008223461303,,3473.598839150971,4.319232193302078,4.629275177889195,1.475987508961426,3.8125741125822312,5.216296208097596,0.999998894772273,2463.1993594026394,3265.945763892611,3062.8329984085326,1454.7091546246645,8.284972164609355,8.597267068633691,3442.4969124299696,2743.331526647763,2772.52522000064,1578.2781757747955,4571.840360295485,2706.178981944431,2005.3580967816258,1718.2629773148487,12.368999855086104,3069.060255712287,1367.9004773773886,1830.6613841863168,2783.349399347657,2033.525834948287,10.946015196434143,848.5026048827639,6.958208171950261,1932.2485632094536,3997.947508561484,1.754075758731192,4.644433410264622,11.047442102064496,1188.579145373345,14.52985453451222,2083.5527508341543,1.8684273803061298,2.359396642361762,2.3399087885389975,1119.3199601286728,1.4554223668334472,6.204309665539923,3.1931887423877887,4.0319669409833425,4.428178515000207,1744.086916259013,1002.2832559277197,1801.5143193583046,3042.0333867643167,1848.0722956084455,1849.2035819805828,1585.2775305181076,1281.9583944602955,2245.1143649909586,4849.756290700667,3030.0091344101656,1379.4055038292568,3113.4732663429772,979.159157362064,4995.305074296474,3776.7685803228633,4.5549750366049455,4.7536295757210585,5.147511595271237,2.847806391417816,639.4907026691403,700.5451146508348,904.7677095064867,647.2366150036979
2014-10-31,1195.137550327856,4135.4368937592335,18.183746602461465,17.433385215742526,18.26745194707819,2608.6180686190273,3610.3021260216365,2328.4415493211404,21.476833946154535,2459.080582797614,2996.237054584742,13.764984196762544,15.554287298352966,4713.63145552969,6392.288060825182,21.032160871883033,11.43903015171775,3256.8979113460036,6313.180831009557,11314.719982765826,4224.739054970508,8.385807405119547,48.1974595624871,2044.8683240608693,3227.5766707760185,2116.3969696961585,1381.7399563127735,129.8942707223712,2376.7966296203313,9.821668943881713,1668.6425873688872,3.412761783119896,1747.1654020102055,2152.253023024295,3491.3576443187258,3.5238986276040816,5.767426860790467,8.01059013542322,2.2858067404347295,,2334.8946513372034,1293.2797942452678,1581.6153648786676,2406.4945396838975,2383.217595319433,1955.311312601531,3082.0987622381385,2647.162148844699,1650.317581264618,2635.5422905192586,1749.2553807181757,1.913569398783535,4205.964849690569,4.884837673225363,4.596143395105844,,3.6969746113860573,5.300015970975566,,2126.073961184417,3611.771248525167,3266.0446752215153,1499.3832589217368,8.720748088088845,12.040959351782197,3784.268588135362,3120.7034111329085,3138.1825349171904,1187.5503527058886,4887.119211698329,3147.628771999014,2315.7198004551833,1533.49976624964,11.142306035810963,3133.1417200992,1531.5687420644742,2059.221320568635,3330.413753789335,2178.1924660036866,9.636071178030951,962.6641266547697,6.659772180575528,1867.2361160659884,4066.974387386309,2.1458622993613785,4.069753564948864,14.015996427378957,1355.7832500231425,15.060538976268969,2187.282149785867,2.374183924863189,2.1241696119528246,0.7020196024263505,1301.3334668290286,2.207783907568682,6.169358882103216,,4.6419396259512125,5.216526716328837,858.7760168342556,1064.5376242172993,1953.0832674171631,3186.1857663806773,2067.0542608701207,2088.256286334981,1609.5124240563403,1376.40484634139,2286.3110860778493,4970.602564647935,3246.9870600112627,1560.2555559976913,3190.856591575279,1047.662228613616,5349.173339195766,3996.572813285345,4.939424187220095,5.064323321943404,7.206400925212428,2.791142625956014,704.209949679124,768.7956676857773,799.7024825895622,653.063146519867
2014-11-30,1050.0799092010789,3997.026722196214,10.441247652403952,13.020561530317636,17.51165800001866,2472.032777602686,3488.5028461677202,2383.2175702453605,23.58119062367903,2332.764544587203,2779.354581138497,14.059617975393401,17.944519855757154,4462.5084988358585,6001.705068005334,19.346790640999522,13.429122296488403,2963.3655040157237,5815.3704231024385,11498.813959043937,4042.086947253796,9.07678212349608,46.45525221835232,1918.0521653161654,3464.561149126535,1747.2027124680687,1359.8282300707897,118.7907731542755,2228.1089575948326,8.876341356878333,1665.3257805277924,3.147347991787506,1756.8234364678324,1985.0918722065446,2786.4162080829706,3.1918092638518876,5.146893936970574,7.547288427224687,2.9264104167714735,3.7692512661279225,2114.9912709067894,1013.9870355125852,1137.84764447464,2365.922292041586,1636.8680973242897,1705.2481051053817,2495.873251379788,2340.9959346775663,1504.5893235886892,2306.19707398125,1432.5228842744355,2.0243921922442514,3983.8611764197285,4.22362547162378,4.091330180309411,,4.165942504335854,4.95232912727626,1.1701403135423112,1571.870716471401,3171.1422266460986,3174.844471505679,1364.481671048429,9.75970191959795,11.809829269194612,3324.9040006046584,2710.5032291800226,3224.6239428143936,1125.6446340642517,4299.0476588666625,2642.72150556067,1808.8860711254704,1347.9158707760855,10.423251503598014,2893.634411597282,1498.710499519932,2022.574505470915,3386.1571862351584,2086.3169123965445,6.45744663098563,943.9798246496197,7.167729370648992,1734.0217091211912,3771.6454749477134,,4.454868289246185,14.599755481589273,1321.6610594454771,12.236000599469236,1799.829192718385,2.8067826566622083,1.9583403368621437,1.677642165869809,1237.6879359825991,2.678987665920026,5.320787706154551,3.2639786935425295,4.177085110063041,5.711182255711689,721.0606764078465,911.3154556077754,1935.6421009922065,3038.102531011805,2042.7881478473828,1915.1653489985324,1532.8074220599462,1327.3641342837345,2332.6301480668994,4836.46785502848,2687.296225124889,1510.3087013026368,3071.7720825386723,1090.0369352878436,5252.5324676405135,3932.4348420715637,4.477137761089734,3.9032786721980495,8.934787025642585,2.8257063168424126,643.2488028921356,715.5908038417829,820.6360636115542,601.9824974834029
2014-12-31,1026.8466522063368,3856.1623999687617,15.667696701653611,14.360119822216035,18.395222296114408,2277.874659589285,2907.0972220556214,2163.502276910954,14.036028277993012,2095.3748698011136,2576.4274516295827,12.517818713623907,16.336750628914068,3654.462192804146,5217.814567910002,21.166051026038943,13.83320479592873,2432.869618993098,4845.987481416166,9378.840551453417,3674.4897253853646,7.121137579282384,60.87206008892671,1592.008937103151,3290.33493133682,1720.9114865508373,1062.4207036969663,115.001629913118,1876.6665644982531,9.23897726070109,1453.8734352170122,3.1123754881707364,1729.0656830845326,1795.0568277517311,2430.7800446705987,,7.887576361582081,6.565067570720865,,3.6961586008533187,1721.0436432576168,887.844225893293,1058.7476646889077,2338.753078033655,1486.699441596427,1490.3259542277126,2269.1744185917632,2098.6151056422586,1482.5164100797215,2118.613999077004,1385.4029607357966,,3143.213778532876,4.170938948868426,2.9748130045439947,1.4087094728083789,3.9792204377002496,4.4011721299862465,1.492885385249459,1239.197524166948,2817.8029271015694,2984.077223521098,1299.6218712020798,10.033606495823195,8.766686979480262,3307.30400192367,2333.8802823367623,2441.420348811895,988.4978856781663,3858.9271870204825,2495.885700879756,1755.3013410387853,1249.7970488530605,11.107653846148645,2740.137855211484,1273.1371405122006,1975.3546532649016,2833.9817244942187,1960.102220965234,6.292230282222801,857.7375901407052,9.414070668843458,1558.6418764618652,3171.28903101327,1.7970128724480405,,12.740060034458056,1114.005647607706,12.297234313014556,1783.165123966507,2.809202101232044,1.8439038495755025,,1003.5142001258812,1.6580919842843307,,,3.3838739764239314,4.401280170845572,658.8415242855785,881.6803771356572,1867.507585920246,2709.1889116463108,1892.3474883408285,1800.127265176593,1424.2768730863797,1205.4669894172612,2315.2337213985215,4120.249796110846,2221.4652006492033,1273.6069039316044,2782.561562458716,1082.5289358261946,4323.391700541437,3749.518260400384,4.242341530654879,3.3514998952764583,8.43166402631444,3.0450158569885737,615.2172662987108,660.812253687735,662.9948776694845,596.2377716400262
2015-01-31,1217.3325569449235,3416.7261525751646,14.098020472478,18.150864074664224,14.506016115555436,1960.1284406149175,2349.2583702380743,1819.9048655840884,19.114246010125456,1698.4258310206505,2360.366484781264,10.37318436856489,21.52947071551602,3136.692925926768,3530.9864082627682,15.46859420158582,12.668958335333587,1770.0090738484737,3752.9699872240026,8256.211811749776,3236.347502426798,6.345348227006253,116.99241495391018,1683.1442681239541,3121.509387462437,1517.9869613208893,867.779149137149,68.78165730962363,1528.8142769500846,10.953658973019117,1297.897684452387,3.0857843424280587,1484.0744249877837,2027.6179479933212,3013.83080775013,3.532021133722343,6.832332951468302,6.702939863789022,2.4739436086572413,7.774910539088962,1725.272661638429,1021.2484926748426,1092.5558896011619,2968.7671724850975,2087.4990715457748,1430.4461570628557,2775.416109825332,1980.2025044565394,1701.4500760799122,2301.8367064612007,1341.845037545839,2.4392277674450193,2770.5382312215443,4.130898624088573,3.4854610163597015,1.997974613783883,3.653369946543689,3.743892077777628,1.4296318573623648,1384.7331425883333,3296.6299645105996,3157.030044897254,1254.6907463578302,9.041592034025228,9.903212826469808,3560.624074574226,2249.1115449592103,2203.465588076126,909.3780991324588,3966.576413961012,2830.3547850655664,2223.928996699781,2199.8664271487523,10.622420498235247,3390.7572704962654,1121.2917470901727,1849.6781344619978,3003.6201283517594,2355.027228860745,5.601281704134382,875.4599013266835,7.806548185449948,1677.6252274532417,3215.9672480822514,1.8132487446798429,3.9992173503852415,11.350184402554437,1204.287371754128,13.459688610415002,2001.4216667655576,2.6574160639260027,1.9858553044215435,2.0716903608314228,1770.547592019553,1.975571114937331,6.383377399670817,,4.310359234746883,4.782503582134152,525.2999176758755,746.8507980273894,1593.8064495655667,2296.828438118343,1791.0395745144087,1575.8456885837122,1132.5443015457242,1115.417665998688,2195.201265281387,3610.3744567453577,1934.4670749592633,1076.2219591675193,2413.2009599730122,1077.0032300177736,3631.503476101708,3191.3309265109538,,3.15201823279492,9.552645570716498,3.1926972716463724,576.4172536967785,501.6405152162143,755.8465710572189,479.3774657235865
2015-02-28,1185.2367832172297,5054.043755105989,19.367520159014386,14.364527414411969,19.481315646216576,2874.3808887691516,3796.58938582216,2329.9422268046465,18.33949352373567,2435.5600099832855,3141.119472392799,13.084601533688382,42.70782741466158,5448.904159471208,5498.413417079831,19.1036553354183,11.716958805578727,2789.4586473367417,5585.916296474607,14148.773809061171,5148.580355488091,5.9144625958359915,90.77900725777765,2529.0703776414243,3416.115832329178,1833.0323744658851,1063.7170485545737,147.16236326933685,1591.5762513368338,8.597369908154288,1671.140023955896,3.0655213432689474,1559.2028308037725,2637.0558590195465,3384.765000853235,3.236216213953895,8.580591434080272,6.413511785888755,,6.4905025900728335,2814.631962169392,1481.803223870152,1356.4300585495128,3129.647738984824,2075.4861420205616,1670.7571529732259,3437.6762991357414,2274.781745995089,2211.7700536549564,2568.1068520752065,1494.0013845389947,2.9881767478832577,4112.738148528551,4.132727422504961,3.7227673389854115,1.889808975154423,3.5178595104923764,3.3789637911320636,1.3566276988106107,1816.2650862569942,4045.857679717665,4039.8421557764696,1734.621906302507,9.545720795847947,13.432981442144655,4535.04080224462,2634.474043653487,2993.3985250033497,1113.7308011897615,4844.228614858231,3221.324005429743,2362.6590036571756,2190.4790193389745,10.01822200538572,3599.1844302657923,1524.9249641710555,2107.620120526434,3685.8153195022987,3051.8425913208216,5.975638381780335,915.5516447118446,6.829537882462534,2222.921225693345,4434.091620237313,3.3210001071462214,4.069462804303492,8.720972874245273,1501.5172676545976,10.799200832436945,2719.3673881208956,2.848013238441226,,5.652297643011478,2127.6194537237848,1.61088941138576,7.484174532772623,2.6920447544329598,,4.578750471476078,420.08554269227267,1009.6095280409122,2243.8907789659347,3703.4994430462234,2813.71932807981,1609.3206410972737,1676.876842907354,1675.8238720710924,3539.309382927744,5144.620879487168,3287.444217905916,1431.1920834505863,3717.2287286224787,1457.2119984070519,6101.7517053159245,4553.7795419262275,3.5772719015067427,4.066306052154736,9.987606567541643,3.143104969709861,891.8855896380318,604.4986874375662,876.0677148792499,562.4516336133619
2015-03-31,969.3878132552824,3798.2372666181,34.573424675351795,14.836881804502056,20.066927293701223,2491.4215683117063,2709.555326716214,1914.3968028135416,16.311294402611445,2084.5616410009834,2560.3235368655473,13.037808546686621,56.81679789858998,3418.467942190986,5726.152288267421,23.524713325464788,11.614822813115735,2575.6453560306354,5267.876868096608,10457.467213841459,3812.33077501044,6.329316761672147,45.29810913689698,1917.38889185054,2695.783801858922,1473.647045365318,888.4661808634413,135.65402601244375,1554.9831242864946,8.163499415749897,1233.6328697727527,3.1881152578642773,1556.121748689335,1962.1427902860341,2541.8004122239927,3.338707743758698,8.296464009910267,5.319343400433364,,4.204544258069069,1800.5544478329862,843.8929489770721,1112.468745000256,2235.1991958705366,1358.1118256816108,1246.3001785686502,2379.8009493464706,1873.1816152682034,1296.5835498194951,1829.6289218202028,930.6601892729477,2.309456713263894,2988.9680481509727,4.995543023419685,3.2398392118946164,1.76535957805613,3.2941490470431116,3.227322284209846,2.59545412235613,1039.9972567366754,3496.704168927806,2618.1951446693033,1482.0201113493665,10.129455197937279,10.782094841438548,3557.236408507045,2332.82672844306,2196.274220294509,967.1567083896178,3900.7547291838528,2191.7152594463773,1332.0070644121402,1440.0582881669418,8.924626845304678,2611.4769539502477,1100.8788741500161,1965.0898918669802,2571.1776211224237,2333.596725508869,4.785072225604044,810.1267033879728,6.650532389756125,1765.4256483435101,3427.194140820956,3.0384398036160336,3.92698676614993,7.222404663418606,1179.0330949822758,10.174021077641404,2078.460612997365,3.122858949869342,1.9434787046965671,6.687993744520403,1334.3971146249924,1.9275942851663337,8.134648006872329,2.428185996768804,2.8510665376200315,4.2397192053595845,239.48099088179328,692.1440049657436,1923.3918525482263,3476.314522299674,2410.6227468001925,1409.1104697786948,1357.5957817159108,1487.0456563626387,3012.600174953769,4401.250930209284,2285.4898912864082,1083.3547867327684,3167.6580930107107,971.324927985746,4943.575725600901,4322.529844802417,3.0740158095032575,3.351125556753389,9.038317044955612,3.9689113656124633,625.6429213137558,591.6251352641199,521.3388713264029,419.0813195231275
2015-04-30,1074.845637961764,3541.822449321877,20.485133434408453,14.688092871697346,18.555033879459895,2104.1344421303256,2752.2625888211346,1790.1591344146398,13.65406630680906,1955.6869857109411,2325.529608746884,13.281363422290857,20.402746005217654,4041.371595545579,5400.130352900825,31.433125461041193,12.517621721450825,2693.0766837697392,4806.093639609367,10883.973957497625,3707.634046610692,9.327728911347855,38.04854271322238,2309.46758514939,2897.4161723087245,1758.1466884209551,801.9691041905372,96.72565356368484,1518.8425076826084,8.975712605144388,1227.2277334696025,3.4087426788902153,1537.998742398931,2275.429570541777,2881.7264958003325,3.107764365018927,7.136695704886058,5.682669530935058,,4.817072677405643,1926.6420445222323,931.3123674981975,1110.4467712504334,2816.968633106134,1889.5602766037257,1299.3374283442986,2622.5072779601924,2178.1524971705353,1353.863862014491,2038.8350366260063,1262.5820165560335,2.2023190984892294,3225.3682686215952,,2.3049307283007194,1.69625145801584,3.482666470049272,3.230418168169228,2.447620130737106,1570.4372100929804,3047.523934501582,2789.2639004369194,1256.3951009323118,9.594989814586334,9.10806611673591,3228.021984526501,2772.943659084314,2619.398138977612,1183.4102288699398,3381.0581276745875,2374.391927548834,1979.2022905531323,1536.1184847029654,8.920260530720885,3020.7743278089874,1477.4407754484646,2125.9794723371674,3046.9195574926107,2303.258863274467,5.685025303656868,825.0003764741086,6.372449190107795,1837.1721601133718,3586.586127617716,2.594484921117439,2.9414640665279466,7.380084945576455,1311.1839560047501,8.71100233208912,1946.3566538148293,3.0726530090595663,2.16566598237362,,1532.803543368672,1.9324829132087378,8.499416505379262,3.2330273448880886,5.283172559978711,3.789195929856098,511.1946814604556,736.9934991864943,1602.9579272007445,3196.1099104358423,2124.4879499383105,1214.4226669761908,1226.1510360972716,1377.1435360326554,2679.7398230180997,4163.411674540588,2525.5370610106747,1184.0258979419727,2960.3842576164693,745.6526734815543,4925.229649225139,3723.588897960033,4.675037511827718,3.6100407331185758,8.790490408979558,5.569132996524234,521.3857752890896,596.2964212622103,474.27093428475575,391.3549022749668
2015-05-31,998.3265688744789,3684.8355153960088,15.988950416093216,13.227436216525751,15.97654054157009,2146.2866333662196,2756.371553110441,1767.2669418205799,13.570424955377455,1897.902125123735,2231.241332097393,14.472653679421377,24.108000368803047,4148.616777818243,5691.705403227257,23.089626708025044,13.65817979138426,2727.9057068606594,4829.848974759579,10812.5378128608,3653.2655186818106,5.97760457799825,34.198130711897605,2204.318910113819,2819.9387043950273,1664.029477400689,1037.4974963640645,87.54890401458454,1500.7133667489147,8.421016838688118,1233.0249897078224,3.1454497722511423,1500.2058045812507,1857.9010810873874,2812.9606003169624,2.9392870220911345,6.7047302473548855,5.471475670922158,3.18739167817319,4.217762828239965,1990.545477522945,820.1185276590247,1117.2041881245036,2347.987036332586,1887.4381995322062,1197.3519312725052,2527.2864635652895,1924.3857122786042,1384.4963088688544,2076.236183726334,1025.369284056156,2.287329021531976,3107.7043337407417,4.531202132132675,1.8203492786652353,1.6385897634249615,3.3337879175562097,3.330857304218573,2.29372965116808,1601.859281922636,3492.6335078081975,3196.3560693935274,1403.3529180911269,8.006879185492231,10.187793484229916,3261.598914846122,3216.0061812309523,2773.739286424701,1128.328817016426,4229.701797503474,2365.312451738625,1887.1049123295695,1401.9389023430826,8.613568455751883,3057.446394060438,1369.5602394860136,2304.5231204863194,3020.5669078075803,2149.2866720714846,6.156022876790452,861.9898754609192,5.861425223843828,1911.3114635569273,3696.0903115475253,4.125187188052584,3.432869620938734,6.9167962213943595,1286.0386944479421,8.0168306344913,1683.9258951603233,,2.2364982227217602,4.624600755128894,1507.8373275256072,2.2885311292425135,8.649698548613491,3.2441850227264393,4.81200838635781,3.485510208360527,373.5734352903521,765.7202161340105,1710.6169013465194,3149.786093695305,2029.4481641695604,1333.53093715188,1399.48200085865,1406.8358388440827,2564.931917063362,4490.556295736803,2540.189392192456,1260.5769662552445,3114.032322026522,625.7438683711569,4746.3356335785,3868.857764479714,6.257503719943606,,8.52992853503067,5.396750499925008,552.659454654083,531.0217861585946,542.3312491828805,423.2923459827832
2015-06-30,874.3279926200572,3471.436432647482,19.699980931517192,12.832450239647505,15.103675807545283,1952.6314772590229,2712.1725255013225,1762.4485772560606,16.49345349057697,1885.5883415441147,2118.078634183207,13.330085679206384,17.326183462965986,4193.228694697331,5346.900381498932,22.992108789852164,12.707514737895028,2368.4245460543366,4771.6481364698275,10177.05332960823,3701.3361168948263,5.4348284297665455,43.07497523442184,2149.928071411668,2992.8427182958576,1685.2463095285016,975.1456839817863,85.52543396795019,1450.2994032661209,7.516994274441467,1096.3525579512764,3.042416399924221,1391.5476279734191,1981.5929786082568,2680.3147913980865,3.232357442543484,7.184958727385816,5.484201234343586,,5.430614644088571,2261.742135711428,785.6621943878548,1025.0962168601247,2476.148830441941,1867.567876826565,1359.0062808841203,2359.9840151603353,1999.9790621434856,1314.6883499818132,2236.381034645094,1391.0440435498667,2.0964987848521686,3192.9284773796835,4.167972825951552,1.5530575639853157,,3.1641058958989148,3.235065631252931,2.233009301058673,2032.0868571849785,3829.7821294497685,3315.7301177988875,1575.6802153136828,6.59271614067085,11.710093192089492,3800.491872712568,2890.557397006062,2651.8263757849622,1279.3731516170203,4266.253195922418,2315.110221124007,2040.4575431803382,1289.0582870727287,7.834156640748153,2862.0658006640138,1457.2711241124605,2237.8376391722677,3127.1552053647742,1963.057549544314,7.7595686522124865,751.8992194346993,5.391954774497287,1794.6368630043407,3594.0239035384525,3.926343588908364,2.5074626966313707,9.173834387354297,1203.6728181247884,8.625075472053577,1729.394504464566,3.047243841485728,2.342162374567881,3.2493658755662467,1339.3166552843572,1.6348211262566372,7.778644904024378,3.355569325420519,5.01639085219217,3.950360515808962,776.4588064307687,700.781028747112,1567.317901719969,2933.437985877465,2001.989147352967,1099.6383089095611,1376.8000485076277,1303.1652729135353,2489.8541328449387,4202.6042180546465,2570.7382545917326,1264.9288909525653,3113.881093487753,562.8103843398742,4777.045983287419,3752.2835021067463,5.258343592872587,3.5714012257526644,8.742205252364066,5.221495757333527,564.774705443174,513.4274756828667,590.3465642084509,449.3402938592113
2015-07-31,1157.8538318653855,4680.074268180005,17.46533588938419,12.953594952537257,18.150788537005667,2305.1358933562337,3036.568242429077,2252.603720338498,12.84719924468699,2354.1333650139763,2451.420091984989,18.821365890038084,26.306136174835338,5126.143081445584,6457.512931839301,27.198049726205316,13.42619565743464,2641.3231637605722,6299.338613633142,11272.82349508552,4238.780075331437,4.991281375604933,44.43973343626598,2882.1896429024137,3641.114101173212,2367.6552070339026,1213.9707440643615,174.16535908723228,1898.2692387837399,8.267644001205731,1504.372289802211,3.071655688497466,1648.8673448731424,2752.0518660532507,3602.028317158741,3.9502503790569925,5.355657292920942,6.986045575575097,,4.456310234548786,2709.555867808418,1081.1829770952324,1359.5979083692457,3108.816339429838,2673.514675588974,1934.7735533075975,3150.6861758176983,2966.3256679060837,1564.8984527289526,3132.5387831257294,1547.3355941886446,2.190470767817184,3915.3401481039664,3.7136956729539268,1.570851746830754,,3.2594483008772506,3.146271334192724,,2816.9709193977824,4661.21305773872,4011.5378110111255,1849.4835970825025,7.218922808071588,14.76858232644279,4692.412740237445,3993.373880836342,3987.4043883646145,1436.1136529765135,5554.947831776392,3199.0969042235206,2886.6706004813996,1841.7161798773975,10.05250054637081,3691.1957270128028,2108.8224527952916,2949.431965871322,4016.407700362357,2231.230366752969,7.344745947604183,823.2684970672108,5.01435230951423,2351.97051669155,5134.16279910071,6.029110942670906,3.1664784719229937,11.503496926301876,1673.243560072743,6.649372761314678,2016.5159535487242,3.0367458711972555,2.317330151463354,2.333522370529938,1886.0997652317092,1.599179088544421,7.815728199775409,,4.307881963446931,4.366644520484945,1070.4692669449666,1031.4309764234406,1718.0281983771706,3342.3122096082066,2041.0325901189165,1562.209027890097,1628.3801885510034,1517.5340465241668,2722.489103740988,4595.080506394789,3232.7233897465335,1377.003079490522,3456.8640715661827,679.9361312632761,5484.539154216824,4191.359207594724,6.384011367919065,3.5373649140927044,9.05103913758204,,640.4161228797436,659.0154597256223,768.9088376618523,604.8931399645692
2015-08-31,875.1739531187486,4342.540661577731,25.667457314690008,14.122014145525991,16.37302408336069,1946.5132588468591,2548.523540550783,1924.099497687586,16.7666383276322,1981.7256427166026,2205.3223964774056,18.814663962487565,18.49217303188601,4105.123504825844,5668.536230967065,25.944156646839613,12.659822976640074,2494.7925843402377,5105.026649665971,9733.383481167617,3672.236901779661,5.773742541932253,36.94545413362652,1952.8131807670695,2938.959410928388,1800.1068925765335,1235.1065739878022,124.45278833627886,1483.1039635478396,9.221592279624891,1358.0060504835074,3.6929954466973647,1482.9198121780205,2017.4858401908564,2710.4182595632037,3.6940344665872082,8.811879901813132,6.90107547212476,,3.8518024727464706,2116.5318311954234,944.4442487246714,1115.2030022199572,2400.0631636327644,1939.9357102318015,1611.5585265710909,2536.1873319746896,2281.3238615098926,1385.4052336129353,2389.1549503649912,1178.0246583966875,2.1787285802630287,3245.256505806313,4.913960270039414,1.85759376043924,1.7023613062077172,3.0835728880378257,2.7409847602508055,2.245193374343078,2339.5593280136554,3565.795885639712,3543.188476350734,1551.8528736407663,6.420968703752672,10.289881835643797,4030.0649245026034,3305.710425565788,3040.203438797555,1089.3993406589466,4735.640749151669,2573.3384631792233,1916.3570385913367,1462.613590434843,10.092642080938033,2911.970767169325,1668.8260612491472,2607.4248343448353,3181.589579746551,2084.545961504102,4.181063092685521,791.2287346747298,4.8740634948445125,2094.3377261625637,4376.655160003945,7.369775781294456,3.792355357185134,12.380961782460718,1483.430006201286,8.005273409492801,1816.60532626608,3.090968586748127,,,1502.6732363600258,1.9090178990199504,7.690495913712448,3.2002833214746293,4.809512292978429,3.6888066974139435,1382.3329943874492,767.4138289389091,1581.021230181406,3057.96920859252,1847.545785529399,1309.2471991240975,1444.8454353564446,1364.9579986463586,2566.7456783318207,4083.1471212643796,2715.617848972732,1151.022387905957,3226.134560618577,553.9885241199053,4701.470566562991,3712.492220028929,6.691430048488719,4.523786051317751,8.877469735507924,4.971757277011548,556.0010017412901,564.5222750009788,595.5409933505201,437.93064716971287
2015-09-30,799.6267799894072,4272.705646877253,19.049989325249953,10.266041247914488,14.736577936475037,2083.572997092631,2924.882629686076,1834.3799473922786,16.640232887572303,1842.274294023938,2085.229225447226,16.331939642809104,20.413184899093963,4041.5357054714736,4838.312503078134,23.55667877487128,12.119836420206138,2403.522591224921,4532.8621360599145,10034.805723546142,3771.0109930832027,6.196559864279094,31.888695339714914,1948.2345491282322,2946.293939225193,1646.3890015770583,1158.0182064782596,123.24012156169286,1429.1648444682635,8.070670889014831,1338.4653237980888,4.000970687265346,1218.886018197849,2202.57619336536,2554.2062921100433,3.8197335750873376,8.251148170612064,7.235829221101498,2.4330946971254033,3.7055758817579343,2345.049131041366,999.0928781864277,1282.9489133725597,2216.019910884331,2141.2772672168117,1509.3993124729313,2696.8681429543035,2503.0426096042247,1428.3302235427689,2470.0760866601636,1218.7367317485814,2.1683498568525934,3372.7971748886534,4.91995242417251,2.3400727927461817,,2.9680057120418892,2.4123769403836954,2.5088083995641353,2578.9235266293526,3510.0149072164286,3396.6275954315565,1520.0683844194473,6.340559123536644,12.115296982224447,3829.805041221489,2702.3705021213905,3149.3128067182975,1380.2371487711314,3850.135283284557,2462.3248933646796,2023.0072036514537,1521.3954145295822,9.122871199986344,2536.9244129289177,1560.758292358042,2286.164330890382,2931.4830142339983,1998.6848432796983,6.115973411276649,714.4485728032769,4.470773623008981,2116.456814651061,4509.82301086802,6.995816425115567,3.5123064464930924,15.028172673375394,1457.4861160480568,9.862091901779442,1841.8586010001695,2.9804485346191387,2.3523654463791153,2.5368469314172044,1637.3794630485231,1.9136104038423754,7.573485690028344,2.9230161120834777,4.159303519420684,3.6418119594512293,1588.2895601465605,789.9789303994328,1508.5112126712258,2892.5182828468633,1791.3806631991965,959.967318879106,1313.6167731670207,1197.7818729621677,2466.288770030339,3788.6692257005207,3140.2602419788177,1153.2190186832036,2971.8281801021194,486.48132629882326,4619.320746062639,3238.2359246232318,4.874905569977813,4.2664737280835,9.908606007501689,,515.9217125836476,529.5238442639079,661.4975956357457,385.97884077494496
2015-10-31,717.9607474620924,3725.1978333491606,12.350557641591308,11.739246161930435,12.887129572401413,2032.217622981229,2791.0551906254677,1759.4734443294353,14.412971046695278,1790.4344647176745,1980.7437376823852,14.7541185850172,16.366746644353704,3997.9073954152736,4574.583788617076,17.012517904024442,11.31168628897096,1930.9677760161385,4482.086938200123,9975.50461678862,3963.6108685168974,7.869165805974936,26.696563325500772,1853.7627618590027,3005.858994420665,1849.5569349589884,936.2412360828674,130.7503110618214,1423.0044254989834,7.7841427878100795,1418.4102347711528,4.0302947966601135,1118.3600031977048,2186.1083335265826,2633.7122233461973,3.582331592172411,7.636295761293482,6.6356487849736485,2.8032072310014335,5.634840727167487,2143.890607592941,1282.2666667387916,1069.354585196494,2137.900486853778,2014.244508448531,1389.585212494788,2564.9507585125275,2109.113835881122,1486.6380504637325,2131.456164631566,1244.2254338292018,2.003914423071186,3259.976246898213,,2.393685207686301,1.6163290899089673,2.9315339153545548,2.2233821588384766,,1738.3326096150677,3095.1259257558177,3003.996373294738,1275.155867843158,5.775135758681528,9.927200547752484,3170.886522580847,2595.6621037789014,2928.26810284382,1275.644160702622,3517.2078600526465,2079.5347261408633,2089.1074218841145,1480.1902867931772,8.057371045242997,2097.5069574870367,1639.5003564199042,2331.0017687474383,3286.3179368904553,1831.1821039001084,7.178663332628114,710.5500409223708,4.222854686240294,2022.1135214183319,4294.001563826612,7.284026895144165,3.711811207592967,14.320776666290408,1464.0914850860472,9.350767455906583,1634.6008793674803,2.881025157612891,2.2058630668455925,1.2692350797984766,1597.3251998180822,2.5909267164842538,7.115819927443958,2.5425546964400167,5.008928082864976,3.7717336018878798,522.9724070681449,732.0035343232922,1534.6171648106758,2757.0903620686886,1681.192291069692,1113.9587183873384,1268.4899373139397,1123.7406958203512,2283.5897194556237,3745.9938186242057,2786.9152538568032,1256.3069161315755,2805.682571462709,425.1545672183223,4581.833103245763,3202.6562062085163,3.9522788865793053,6.302712865671182,9.848634139220863,4.765670343966519,497.08752471158675,525.1601198320075,648.9624343163119,391.4552270823184
2015-11-30,731.5225825456573,3847.812632199709,15.976399446589966,9.82581159006864,13.335636151137823,1998.9938226801635,2815.554171808361,1959.798238598427,8.145144370713558,1933.7848012174243,2075.0096329478115,12.302584876043111,17.25254376469887,4206.518696944561,4496.28070969565,16.992278675193802,11.762826976832478,2070.36211571091,4636.531918018626,10208.904238996602,4181.103317986492,6.912618093946144,29.781873718774126,1843.8511677160968,3293.6637181727724,1630.0778018239953,1046.1701296772537,91.65101962513477,1527.9657423551942,8.154729057320887,1369.0457523306625,3.4832170914387692,1224.895307594637,2231.935457242143,2705.3470313604657,3.4894789997753013,6.647911084936287,5.628407259436512,2.021862157458087,4.259019201068472,2285.237814226021,1275.5080583793244,1108.4211874028188,2319.0446623451076,1925.061536374532,1380.0265250461744,2665.2302183527067,1997.3183728233366,1409.1839214637469,1900.0440930885472,1266.5487484154114,2.256363929728639,3421.05197256272,4.466929583155013,1.7433102634988455,1.677910241953573,,,,1647.1410331732566,2997.1901123270914,3096.3204060347543,1158.3332939501781,4.8742235003631915,11.03309986381735,3353.563886619653,2233.793885632702,3077.519508077855,1384.0869377825422,3521.0487079763716,2102.5751403540876,2129.1841990122944,1573.8144078659766,7.234836876286208,2007.0111377661074,1599.5318205298877,2441.9302602791186,3280.503946897236,1906.0710706214475,6.722329958809783,698.7552677558331,4.312016790450105,1947.601879233246,3810.467916230375,6.162235431807529,,15.865656031432733,1457.6428523265017,8.440738485686712,1533.5378608428264,2.796938695595399,1.8707331264310465,,1516.159328992768,,,,,3.8102844239747253,619.9784467889955,737.5119908891905,1504.8884491936055,2617.7619648835657,1637.0106040203307,1180.9120756835077,1330.1260727322745,1163.1999603718125,2325.262099372471,4135.569327313226,2797.5891012932266,1249.082874791193,3138.318937857412,392.03559618064514,4829.1116858613705,3220.440764157371,5.121113966570309,3.551799415328989,7.863359414164633,,424.95660936103025,511.99150577032543,576.1484123416109,387.6375258285085
2015-12-31,706.4092709800858,3529.732609538266,14.458509585568272,7.988824080717431,12.227107408555904,2011.970875155246,2737.2145287598614,1806.053844462261,9.092073318723958,1747.8359848322102,2045.6382920005647,13.513955867324974,14.69482755355644,3805.500060639673,4233.894510668329,15.125055380782275,12.560786428856723,2100.3015713325353,4533.684146727455,8992.983862087158,3717.9115561987574,5.4022967395502555,31.189787940994062,1716.3041174020254,2752.128243629614,1196.1085551827846,976.6939423849417,59.31112163187103,1365.1631164168411,7.850731723445304,1287.5043541323137,3.035486271468681,1241.981016617065,1902.9315973258035,2527.0340414897996,3.3931163774895774,6.856199154326987,5.072882862101335,2.371573912640754,3.9496950218936657,2202.4572939421514,1381.7197794524957,1239.9770914711366,2199.823781899666,1654.1495923773189,1034.1032913303625,2442.3952616915008,1805.0648516977856,1272.7057550098739,1842.3906286331223,1248.9572714861251,1.9936033873941834,2876.4779393081453,3.900808959268602,1.2466560650546157,1.7962876276395106,2.82069934468894,2.723554730004178,2.4132666312907807,1583.8367235034943,3200.621647886401,2868.1799021741112,1145.5843066346265,4.930702952158614,10.641309069753921,3561.3732608092832,1820.7228970910223,2852.560268908687,1222.1984140018337,3836.830522402842,2254.48968644695,1969.9859671602974,1481.6595823112543,6.899524313363329,1914.0532016157767,1477.4001651188685,2295.6153173767198,2978.747537976295,1899.0116671520022,6.2130696803375685,646.2601551019468,4.469561678900798,1804.0867936566444,3488.41854891403,4.166922332449971,3.5236276889027183,17.066661011088797,1347.2283894875436,7.528722631261864,1448.2627636590132,2.7569300859519723,2.5667829419969634,1.5514973255810673,1328.1743116972982,,6.480660744438431,2.8150064458491686,5.0069246588147704,,405.34019020953,665.3682424420371,1437.841512540428,2412.322687448821,1609.768161768553,1213.0999755348053,1213.0257542496188,1020.6381916947793,2221.033740434877,4030.1046930841503,2322.862196345893,1116.9182487714702,3046.624596504839,395.3071383924469,4290.2102058943665,3104.319313908856,,3.4805763438128103,6.2743358243920575,4.718276924115266,398.7578235612339,499.3007678942831,539.2655580872888,378.0156590411572
2016-01-31,718.0681532373765,2923.9580480592253,15.888093553523339,9.956662582122433,16.3087865752954,1675.2029923146465,1991.6167285229026,1491.4193353611506,7.208390615928878,1274.2415161552494,1607.0172624230302,11.602536840760575,13.032101047511219,2251.5414222036898,3232.8464695914304,17.5455283111033,12.308721465493337,1838.1584259949411,3958.883402569592,7021.7922812986335,2812.9684353649354,6.109833824778705,20.938056245945702,1658.0534666989317,2199.592408373785,1113.9764229359278,903.8450334548622,91.5793979881561,1268.5020474352289,11.038930734265195,1308.9555983898579,3.027124912929475,1194.8554342677455,1937.7284198537507,2053.836137390258,3.3046550476678904,6.60328992362154,5.428721438914764,3.4667806740159657,4.36958225197992,1715.6316426605003,1332.2892222002258,1295.8783817191095,2233.7659359256286,1454.633495283718,1295.519769254818,2260.9583614220574,2091.7533377472782,1226.7397966419314,2043.647560876012,1248.6820702892705,,2564.2452321400183,,2.631161459035939,,2.7341190816924907,3.365345611374922,2.2727244233853536,1600.753209487615,2742.2017673118276,2832.10012661585,1052.2552299337997,4.218259886143278,10.157879893249241,3555.9263729768077,1693.610322831864,2929.8371647528734,1244.7050505036186,3390.96549233717,2054.8684881504055,2112.007786482342,1384.5444248560718,7.148967948322132,2004.8255629808577,1384.9070563309,2054.790336197819,2800.6121912295603,1930.5518058982593,4.5841824536769575,598.2667130565083,,1708.6334237740452,2967.2818627700144,4.597854215598371,3.314621526200222,16.7623542831288,1327.5127054133607,7.454135067287472,1301.5625407839734,2.680272826033166,,1.4883706655586149,1157.0995711045214,2.655530605763336,6.621875817329578,2.3484976512317237,4.822085566550694,3.3657870467211737,883.2968836548224,614.4526792374228,1415.096641224086,2315.099721997718,1650.133913888335,1137.0610009200102,1144.1550374785973,903.6502882153627,1998.6671402880718,3483.6163631626396,2149.7320216695443,1089.7756983914994,2496.4981957124596,369.9339113458585,3729.2439808047707,2768.5077177219364,6.211161984362425,3.4156041477151704,5.364181563720978,4.529295564919256,467.08212906684196,483.851429778644,606.2477146463808,373.16064807135893
2016-02-29,797.7938696638009,3440.959600692795,24.725790722999882,13.529211329256558,15.59417512153293,1775.300521410333,2445.304317299074,1526.17252502898,11.781340534082286,1398.4191766051588,1756.6253851340734,12.226807636102148,20.24764600352318,3368.5427922308586,4056.731572733739,15.100406342033002,12.862466153497543,2078.4073063976243,4704.6933042848505,8248.582353247148,3186.9284359848407,7.234463183599326,22.734259275359904,1540.7410305798567,2533.8912740178694,1269.749768261048,886.0359219589764,95.75437649665177,1264.5319500823032,10.189895812881362,1092.6556909187043,2.952048774534649,1236.6326933753626,1998.1009555334858,2421.2206146718386,3.3714358979081056,5.746082603736585,4.996060539051912,,4.604210401441961,1871.175382184378,1133.4416720061436,1214.3268854152077,2260.388159151257,1542.0153449569518,1131.6258911351233,2324.5885475025807,2211.9954445704343,1107.1021449102116,1693.2989363056415,1215.8799342448785,2.094216508240081,2693.602223746414,3.6845885561395937,3.051953075327252,1.6773919896866007,2.7749846689526856,3.1852533080368115,2.257396015768703,1516.308344400962,2641.1277403230547,2609.449219514411,1137.5686261347132,4.671025598111462,8.436457969878994,3355.339248705039,1800.3264730458352,2840.9644719720663,1220.3360347015741,3505.361158689064,1919.542413908103,1732.2185534651023,1369.080551558219,7.36108130727807,1977.7340914446297,1192.0070610997966,1806.061651538604,2260.034600909899,1832.1543362192447,4.966391229909492,587.4416855873695,4.153361862800226,1648.0435423194424,2810.1400772132365,5.197300097649596,3.4958159146428347,11.320371031468541,1386.4230416469388,9.247938532660175,1323.5924348967337,2.6096975596343426,2.3415105613342075,,1111.6935916093923,1.717361381980508,6.645113892808353,2.155960539697015,4.210220982203117,3.3734431831000653,571.3868651903833,563.4631396376336,1520.900829870188,2125.671148417761,1689.85988071024,1234.6703692265896,1109.2704085343532,847.3776341082909,1909.3774105892894,3177.2588677328354,2142.7831860932392,1163.8134886449716,2319.2613317512487,390.372619915566,3875.735174466894,2562.6894125704202,6.107250787756567,3.3560945067743115,5.822672052326134,4.664078927015456,450.50857053339877,477.4642850693826,626.0874568086995,347.9045491703756
2016-03-31,839.554925356087,4014.5635045220333,40.29491574032973,15.657123218787678,18.529797597621098,1996.989950057777,2871.6189576852103,1892.727478271944,10.982017415979135,1565.6052342672879,2080.8770621805274,12.41665763961246,18.339238375210293,4878.706024888678,4681.667694096637,17.83094134063754,21.789223184820415,2152.4643612468144,4581.514636553627,8814.949821954478,3364.853414676657,6.411082510745049,22.05112677363355,1824.395548448835,2834.466355930108,1205.867964999826,996.4073895973006,82.81937867969559,1211.8417673890629,8.827054003627378,1144.9680427280148,2.7277258060720766,1249.043283868171,1870.6644750370433,2614.3984650040256,3.336904866112585,6.179159029634549,4.628264019637702,,4.867883709736228,1817.770878646325,1361.9969851884737,1350.2866010782539,2485.538981907546,1716.4959655956702,1094.5982859433336,2591.8183243054877,2255.9533472646017,1372.5812108620178,1774.001758861462,1389.9989252382752,,2952.7199848447735,3.3002197715341164,3.1237306505079467,1.6399137152603678,2.669112512946403,3.1503135332084398,,1746.855712233504,2953.628186754667,2632.8587337470367,1360.1266495258724,5.467583996276117,7.531917044287205,3387.9357257700863,2278.828834852252,2820.725485072137,1270.0160282051697,3590.20974035878,2103.9456361543516,2251.9948341189584,1559.9116395857548,9.025025451641534,2237.293166443764,1250.4320718079016,1664.5248698792725,2432.0478175336916,1722.4853149624057,4.337165758037816,632.4148659290444,4.179389185265219,1814.3479218039627,3345.993652348787,4.826528381515376,3.8408312946703953,9.433132037378062,1521.1578670718297,8.507615913065843,1429.5226497245194,2.625360249640317,,0.8913894203322461,1323.1185771045482,1.6872339831192775,7.037155861395677,2.7290432439336767,3.3035157359604064,3.3103999847593943,688.684967860376,609.0681703507544,1610.9395841477437,2055.033965027569,1709.0275928009207,1267.3711396149176,1218.916595946903,915.896588671275,1884.0604502561937,3341.2737501920583,2429.562736569508,1139.7934048648121,2282.9060863660325,366.86078360953445,4091.7615180006205,2759.690158556987,5.235751379411505,4.593392564605925,6.027553630823862,,463.3682670803346,462.5381492367363,622.9955017318092,314.1320993974368
2016-04-30,855.4907693633513,4127.834105906179,33.90569679045423,12.592110541171817,15.446736192863169,2203.468395250266,3212.8192024412606,2015.6668298444874,11.329352419757468,1979.081948232265,2192.3693517988795,11.803628057966177,17.77868216815766,5741.359946315571,4990.45615937806,14.640305801654936,22.617117523870462,2291.1895530246447,4862.354972569828,9898.573756328804,3803.732935716447,7.099351688600601,17.270612729928395,2114.9688564598687,3098.257744708238,1254.5782701057892,1301.0294901225166,124.26306900470082,1313.2146443420531,8.028325320104647,1204.4995075345994,2.693626888163718,1293.6577406442034,2275.1423676541463,2913.0700176651853,3.461227245615633,5.485416736279037,4.441748299490187,2.7650688978813442,4.417342610223472,1633.6606884656412,1378.6733196793446,1286.8885709917513,2474.493255994569,1827.750087048272,1367.6933229443575,2900.9345382742604,2392.1812418426316,1407.1742972456689,1916.760738590233,1313.9377867796318,,3125.590956876243,3.230480163531084,3.7092235096333854,,2.879722356603475,3.1219646238665755,,1835.3441372800926,3808.415854249757,3096.0975289268486,1591.1889791216536,5.816933281161541,8.546526810971505,3723.6824814245515,2202.38848758551,3112.981078227978,1432.1633292050133,4029.0352348293277,2336.982980871321,2477.0128353791906,1601.511811074324,8.960684752239,2316.4390987911474,1388.41686708378,1659.4249136572848,2810.7220250054647,1617.6265461536302,5.814495955254672,705.0107341531503,4.512095490576669,2001.2978442376766,3529.0603394761133,4.473170663475166,3.0192235962427993,9.213428982915474,1614.7214696048366,10.203425025883814,1594.937588309765,2.646593761961437,2.522026469143415,,1330.9905082704893,1.659535119431621,7.62639195530252,2.1726408515130538,4.634316060846733,3.0197848131955323,600.7866390587216,615.4888468933132,1707.198150035441,2115.018873283623,1819.2031782864356,1425.9594889113553,1247.9798544009993,1175.485443735324,2090.5424677222195,3814.6887668690156,2548.9853724732757,1168.7310881021674,2602.960515355539,353.3766861460401,4459.400366549304,3171.4855889885985,5.500092095193683,3.040752060022932,4.985826041929785,4.486899550692778,476.99386802932753,467.7925164933283,487.4474963509169,332.79080503621964
2016-05-31,811.5458517178922,3844.2296638291464,59.81717016170569,11.150547135507114,15.340848372010143,2263.9205287494683,2934.3848330760816,1996.5971731921702,13.002250630782207,1900.9246643164884,2173.5020508436623,9.077235953922171,15.074891659219507,5279.6857486629515,4851.485163930388,13.841340725410493,20.920770605975637,2198.6399925089463,4832.315834880498,9803.544144066864,3661.354028800432,5.355571246609006,20.006816241850483,2077.042183211886,2826.0408291861536,1500.7460170068862,1032.2335139637187,198.57322260356844,1343.2762120251055,7.361786033445657,1094.7189387544831,,1298.2817719163113,2087.4352868701385,2574.0264647610825,3.4102007322224916,5.369031257398853,3.861037497343766,,4.156846414496638,1502.256583264581,1232.447801077279,1345.7075663418664,2395.8728825529797,1957.1300822242283,1196.5117264555051,3054.5175783648074,2287.8955401275807,1442.690556653033,1777.9519893607992,1195.971405601303,1.9446555317286345,2941.3274203985834,3.169987797962703,,,2.8956857154236304,3.1763744865749524,2.243698957483223,1815.1822122282838,3314.440480007918,3081.5282500089015,1410.120125298434,5.850723573080031,11.170960954354465,3138.65147723065,2113.7286459497705,3236.05365181904,1493.719453436437,4089.359725266667,2149.1573415085777,2172.090072388849,1498.8782648978624,8.347040027418034,2241.159018920128,1608.6378143350382,1604.561903348931,2934.419851329864,1423.0256572342514,,716.4758435293085,4.4609314942721525,1959.9091486229468,3376.763478689288,3.913909430186249,2.7497706796184094,9.88290479006179,1478.7702471590217,9.470474715415897,1508.6329396393626,2.5806028610254863,2.372732303224401,,1355.359188495202,,8.429210218006096,2.2514832327330714,4.111887376977756,3.32406827114176,689.3297982798354,695.3327593791292,1861.932953720669,2222.9001753129323,1907.4964178367768,1443.7098342615718,1370.6518210571735,1228.3584122727166,2134.8476574741617,3569.8364816978565,2700.8397913232275,1125.7562193093968,2955.078855830691,383.3519846092049,4655.72905898346,3207.207055665038,7.276092389097334,3.284559285513266,4.1966598756094635,4.4150376111678495,431.19773449278114,451.28963890216346,447.9129607423796,339.94394650650264
2016-06-30,685.2065353294836,3889.617017093541,40.39235430296059,9.433239802953466,13.713447822965648,2123.4701884262113,2790.4786167760753,1846.3695578208708,11.09871568430278,1803.0644731891564,2140.379096335831,7.819133095846225,12.125067448932741,4986.75562474183,4581.023297550963,9.918020332332965,22.78702155768068,2064.8137020157847,4637.805213739071,9353.550944145232,3422.216364221903,4.927019736940385,11.88051469016272,1861.261171660988,2573.642397846591,1185.1791355082937,876.0284173296513,168.94331186022652,1173.9390083553683,6.805548608372456,935.7430414259051,2.9327515731539657,1174.7501558950016,1800.710106296977,2330.9851883031697,3.2437900289480766,5.503846788875021,3.0837590286509338,2.584194957906929,3.872153866205311,1183.3142462551673,1175.8939319389249,861.3362168948561,1853.1582237351927,1347.591302545053,1008.4195579585107,2352.7123399505767,1732.660512038975,1314.3706055836026,1675.3237038197362,1002.4925754628208,,2407.512111368772,,3.9035102992031643,,2.9381122491907723,3.099476828381871,,1599.8770665965208,3095.755326381571,2974.9686629311645,1286.3305792990761,4.671225352565578,10.201122561807388,3218.596573523804,1923.486946906753,2706.4713889481354,1120.1600758169275,3991.80110119071,1801.0399218255877,2255.159780409228,1295.447925051599,8.180734801941588,2041.97488405205,1277.0983125196526,1340.6070201933526,2490.164991926601,1235.773066307715,5.832406270202427,615.3030132049287,4.595971923533915,1595.9992846572945,2904.8208195928496,2.8092522600562653,2.551553269392099,7.727466819831276,1308.9358045447009,7.867372735132143,1529.315356535932,2.5536536002939036,2.4338719425149336,,1179.4981581503453,1.6339825243964472,8.224778729774393,,4.182662086887528,3.4381609659947676,488.37658433826334,488.93775044116546,1775.8633008353688,2120.7631700307857,1941.3089944822218,1111.4642171171115,1189.193782898121,1054.4385902250149,2140.44532132007,3111.035116685653,2564.0079600973236,1067.0843991567806,2640.3192469690593,346.52567995857555,4682.836879846451,3067.722639827386,9.435228596371704,2.919685267084586,4.18278694337419,4.380137433273399,388.84998717620044,330.9609532087894,398.57580158875965,253.78724372361222
2016-07-31,722.278558904255,3746.01465180333,31.772692712552683,9.71695581361193,13.16990216551784,1869.3027038653308,2313.628013306899,1705.593559029586,4.129361930119816,1769.9835250096905,1961.221711509348,7.877119946776267,13.147213294244821,4545.063306668396,4533.006470557606,7.948936512956086,22.196588539611966,2036.6406929863351,4476.983294870907,8377.202054266318,2971.5190532619636,4.95796202523677,12.430789806572902,1830.7482726169076,2624.513948755107,1118.564971478711,836.5782600864542,133.0097652590845,969.6977211611763,6.5632349828819585,910.9677680498415,2.9485967055734794,1020.6807670733414,1616.3065651449804,2094.1432625387574,,5.495156465003946,2.689927051140329,2.327593696547365,3.808557247319193,1470.037289503915,1049.4699524059713,885.336496928132,1750.010710738427,1505.155056868987,997.7733082053787,1834.9881109049707,1641.7033876440544,928.3438165477423,1527.2737185317922,935.308758851841,2.0473509633814557,1895.8436149467634,2.9051602951079114,,1.694921578920262,2.823212833485049,,2.296792057738698,1543.7247109076445,2410.915279933692,2320.54419546546,1135.3129685280735,4.541317744446227,8.388129801516314,2619.7528535947217,1582.8267247471526,2166.537208798026,995.9433980377306,3137.7897947636716,1631.4264831453047,1809.7084471663438,1204.2815583819606,7.585511279031329,1970.1956615848528,1188.8606340619892,1165.5592840636884,2019.4736079777822,1151.7101911799245,4.777934251760881,560.9812486533947,3.8222569340709964,1500.9275174866555,2539.0748212618364,3.1066734785424273,2.2645889794770984,7.392208760787786,1225.8076930637792,7.825939135501596,1423.1921595147278,,1.8893040316546363,1.024154313204444,1059.9902046516108,1.6103360434039082,7.556911197373063,2.4613065331595188,4.092581427253106,3.0565892781162796,898.1860168874505,406.137147165791,1304.0376521524163,1707.9791471892922,1710.626908466045,923.4257884581181,895.3829158791127,790.5169064861093,1862.167359109599,2613.3314715429037,2074.2723276481815,816.8135098662897,1935.7490593430618,313.35452390098,3568.3783949280346,2379.377031408976,9.551981092156225,2.853000814260942,4.091186582489719,4.466079676311969,356.1251350129995,340.81644864321413,409.59622817550496,249.65548653779734
2016-08-31,805.4783278484077,3426.2222221684515,20.129568608703515,7.18518885254691,12.583733495099118,1776.4469440886994,2216.9466328924705,1507.9708029180977,5.750313651949675,1645.478836195438,1647.397726190722,7.402013110357604,12.285899771682148,3917.2680218255973,4082.022616311523,8.1966004386735,18.403520953459534,1801.5961365606627,3180.442480537643,7751.316989826461,2734.6178415966738,4.402156032336431,16.686774102489874,1913.9703393521122,1868.6849579292834,1256.110903094291,845.7602554033537,90.40162492674351,895.2064770506123,6.082712564216349,921.5771724059206,2.9607083918914427,1028.4578890159132,1486.3661669245469,2397.0905194765046,3.2528154583694278,5.416201701365422,2.9346720230133867,,3.5073840026689203,1757.3892233788383,937.8704072856082,1206.4831462179627,2141.1193005472705,1875.8490829347263,1165.4655421514988,1939.287126338816,1780.9856468222943,1132.2709853772708,1795.346345227512,999.407034829455,2.0453956339828006,2099.29419494094,2.9271908452171544,3.967981378590393,,2.8082405517108304,2.7035385262829803,2.234422313264175,2137.421065297503,2297.6010348420905,2670.778395825671,1221.7732731888009,5.629132913414565,9.188366017941526,2268.875826227612,1489.0916232008128,2301.9550661801645,1248.0600647400493,2708.7073570673265,1818.1579654946106,2313.331191193304,1394.4471129646943,7.183486308495276,2054.4643896026996,1035.1914415041879,1091.939672964195,2067.887849745944,1190.1855980276116,3.6324763308722554,574.6360378963445,,1547.6409911023247,2426.1814477462235,2.417675350994604,2.6528058658968523,6.145034224580655,1151.394864505413,7.2700646815777255,1325.0307615419124,2.58387172342679,2.43269807830864,,1069.897004408239,1.5883900626898786,6.308598334916711,2.2923478149856185,4.664967135728218,2.8782503686091894,1423.335890105297,477.61414347791276,1251.7810471918585,1673.2213867836322,1586.1934575854864,951.9974011290728,896.193197378856,765.4565448719061,1698.5706664563174,2698.6260880917835,2246.909198589674,874.5707663909282,1770.2387283664075,411.31337525552135,3605.8506272592763,2231.150367529148,10.20652233049567,4.055714280399127,3.4691161094310288,4.448086803728653,334.3244921565269,379.68625354968196,441.60523655378745,245.025330906963
2016-09-30,753.5998648017394,3587.733447871173,15.703424503909996,7.335858614517303,10.781814410514613,1987.3523761719805,2357.6145562378983,1533.263258913736,6.226086918549486,1778.7392712468693,1566.4481252030378,6.799053643743125,9.838243561648198,4303.725097704021,4455.195612564723,8.79625519956062,17.34567367707987,1849.7188872715947,3536.1785523355766,9420.362937891538,2774.436612773184,3.765539100706139,17.142749632590743,1977.4726475378302,2144.043325409698,1369.810061881919,1063.63637443577,69.94416457557321,1033.9891655134265,5.960000232470502,973.2089028646961,2.8325982551709092,1128.0614249501423,2001.7479171331174,2595.476865323909,3.3080481851551107,4.433629020193962,2.5765906607558953,2.7235614741260186,4.14968095580679,2059.6702816377483,1016.3921780591372,1306.1565077122839,2450.590937203636,2140.1053352629515,1335.4770350964627,2201.2843928705947,2011.474150260271,1509.7068014206598,2153.6603837104003,1177.0703947510349,2.043595326326797,2698.743726387883,2.9441038433922144,2.8273907820332083,,2.8292444074621765,,,2557.311043232908,2844.787669785364,2910.1438972443325,1452.9782634049968,7.146087855124818,6.066700667755503,2677.449536009821,1800.0634324466932,2637.0463437140684,1783.0054276360001,3519.3912151924796,2021.8911830879442,2787.687361176748,1632.0801407125334,7.23864224257586,2240.686986205979,1185.1825464402875,1427.051419188179,2223.3607982466347,1387.980731609515,5.615958160042065,665.9847663221387,3.2150161559975814,1743.1713628610482,2684.875135677847,,3.5556347754140907,5.834717416572615,1309.666688917391,7.911939090151678,1334.7258914601518,2.496742714556656,2.6232193667902814,,1127.8782792619604,1.567967514968816,5.210412467435551,,4.4843848348852635,2.4918161412122615,998.3330364683825,603.8655042719986,1435.892361375373,1827.0998906998145,1542.5232125505445,1077.688646023686,1071.7029376181042,858.584723860239,1711.8681116614314,3054.1110730000273,2671.7359141151464,932.3160247498681,1964.5403017096364,364.7145731289223,4239.840268187413,2620.982752536479,10.70872680170195,4.086385366326089,3.5796803117619067,4.471731995501937,338.36099545715365,388.1988404550967,445.3998799539886,256.85782227606506
2016-10-31,706.2349111526815,3882.135852716647,17.095580403952734,6.922557924280837,11.38633575374256,2329.080743879917,2637.8258127520858,1687.3384806337829,9.866516385197315,1928.8305077212256,1543.504737036237,,8.272100380965124,4663.2454805047655,4620.377745683621,7.415284150223459,16.30338245842781,1856.094889102037,3930.040609901391,9968.619554050218,3125.4465412756294,3.4443368241491035,26.768198561025162,2007.41744118309,2174.253013827783,1454.8594648791593,984.3862466328366,79.69606930199285,1009.3742676572895,5.5792901061258,974.7848690222243,2.400800030275662,1156.7836895609885,1917.4043701306075,2519.7145143190787,3.139496354070734,5.775698306665161,3.0076744893500327,2.197629819577513,4.3847921299514665,2010.9211182538716,1443.3987523313417,1177.6155336807276,2405.0091799785396,2246.001785754586,1120.490857190015,2280.40133060932,1908.5696164634453,1731.951954275845,2060.8153076561734,1216.828972213966,,2809.1243173917487,,2.381047712875354,1.7101192790224256,2.7395317850089795,2.537082874114596,,1819.0327168050483,3131.283689378021,2889.8040988261455,1477.7567931632937,7.552578349475875,5.69011989349862,2959.0562364000193,1811.6418760020701,2554.1157208899267,1431.7376310410962,4037.2029923706095,1960.0362400939082,2616.0794059092455,1396.0165592875896,7.24334728356045,2021.9502037636648,1313.5167621659648,1559.052991464935,2203.581773574207,1417.4305301923964,5.117800479399629,734.7034928423791,2.8069748853333163,1626.6244843694699,2879.331880593886,2.168561399860365,2.8094249990566302,7.085159940704553,1326.123248533557,8.854353118910726,1389.9327164726633,,,,1138.0336437062983,1.8709910374656213,5.32779346631899,2.0053539091203296,4.023369364858252,2.716414581426821,584.4456972043065,607.0051987634408,1510.743512832083,2099.9639269148574,1590.5785195051876,1223.037296204391,1307.1871417814693,984.3444080523889,1796.2494654018092,3696.489372246456,2861.66056620561,1008.3064373829762,2233.9695935611244,410.4902177856144,4784.729754588507,2887.9132786146297,10.140782790608203,3.1727725227531702,3.6149312463766705,4.303016271839813,401.04649836271346,413.2294807222819,538.1378520292086,227.90913011567238
2016-11-30,775.4171101917768,4317.601583004946,23.622088011144317,7.473572442356527,10.412597111640975,2323.850799652302,2792.650948606692,1792.1645703805277,6.460290895876622,2081.6154536892054,1676.4562226922337,5.844063877868497,8.231076651837517,4612.17050659621,4618.865516258662,6.5061396279906445,15.635396316395953,1906.0651863586452,3996.929606141097,10086.931425739196,3038.512997905711,2.8000471508667717,14.646902260509078,1925.022905172338,2223.890625729897,1463.9843759837522,973.739083265178,75.79556062166361,1100.1163771910294,4.652367407174084,867.5623406123837,,1139.166709531376,2050.214743435029,2516.2620528805014,3.0857063131806326,5.677644081968973,2.9247952789988725,2.269434834126258,4.164397321845501,2022.9878011013975,1362.5349980401302,1164.200618939156,2406.9139828859943,2480.0215994594737,1114.7755980229567,2092.023181340901,1914.4791518415163,1727.8863670916246,2074.5987936023944,1293.4460411721893,2.1803907343170206,2952.556622880794,,,,2.6834695789918004,2.546978412903662,2.03769059379471,1622.2406512310074,3037.151536650457,2768.091813362969,1449.8913602721836,6.433783097033395,5.5209092786918115,2952.443069436179,1718.0712366699179,2507.4164669235265,1277.6930753671504,3799.009602722886,2189.1733292562126,2609.5059099907726,1197.5330633032881,6.916621101965074,2084.624506980684,1427.408047810611,1480.2068167532748,2514.136504021686,1363.4346200257608,,699.1232195559367,2.6333451670639114,1486.6548988238608,3014.019208919516,2.453469105109833,2.5954367751572223,5.334372204029956,1204.9904706894135,11.153562074419533,1408.2830045820458,2.6162186934301412,,,1262.1315764367869,1.8751781797522014,5.244079680183159,2.1079966077295533,4.3092071015559075,2.2878868150285188,480.76806203516907,594.0657085039813,1536.072397180825,2426.994787692016,1668.0078646988568,1339.160540273563,1308.6319247629995,1048.8881748998922,1938.2998390677178,4131.7802146506665,3043.775412951795,1061.8945768351712,2531.553642868302,400.37425623138915,5440.308659862487,2973.6544323430317,9.52568991239977,3.137003482833498,3.166035354392357,4.3405488881235,442.87906210934364,413.44906422957655,529.1898963573061,255.81216268821493
2016-12-31,667.2372303883336,3890.788577473454,12.67373610716407,6.053000889361728,10.4521875753029,2045.7687768785388,2603.328950854525,1716.8642093772871,11.8709568612337,2050.750518996576,1592.656169562045,4.881042279809773,7.777826366765771,3672.5472862972188,3971.960412475278,4.607752021210205,15.153626325161705,1712.23984547741,3881.4079796848278,8680.057447402205,2587.934102087877,2.4725674444335928,16.362986420528035,1787.3196817843168,2105.079274891656,1369.8879832202708,1064.7715163553694,72.46497587454733,1156.51859968057,4.935583957875523,745.0263216599061,,1123.354584090615,1888.6021224605192,2576.2556270824116,3.0237073791232962,5.702179942511426,3.0998138064877327,1.8508511423134493,3.683702820849029,1993.529326721198,1396.6179983350178,1240.8896570748705,2123.0385373187437,1947.443467632139,1016.5105439652148,2055.380826549865,1996.940135194252,1546.1951879358141,1841.1242433231605,1283.4824515294067,1.93639225027892,2863.7246460905426,,2.407282103977515,,2.722148345274878,2.4438257642537673,,1661.5496753826096,2844.4949936474613,2731.657161480989,1267.4394355527722,5.873640730653098,5.527826603754578,3121.509625579397,1690.8451568625978,2274.0287071700213,1345.777958223113,3911.088378301081,2294.322190188081,2695.7344560435404,1206.9465376120445,6.972443289416582,1911.6710963683415,1464.403222550661,1400.2801361837226,2485.9692381567306,1438.033304381483,,659.2184720566211,2.428529465609977,1415.6325153690477,2916.2082738903387,,2.4380207606300655,5.198508510517925,1263.539534855029,9.14491570689652,1477.9938724559186,,2.389493702543157,1.6060017542914782,1207.8022870292823,,5.456315022017504,1.8472605839229197,5.197897416748797,2.3087087794995584,445.368122635389,645.1364661945281,1546.7990809635653,2553.2398532750562,1576.0101673842876,1276.3658250063113,1153.0952490481857,1053.3504806925664,1940.5178124479644,3891.8721907038803,2831.453466961792,999.0000735892829,2463.877241341986,396.14540496019873,4926.467596177382,2848.497236614044,8.229094837440133,2.7910956557075037,3.3200538716845376,4.160188310716455,456.61777576991585,435.11205902168376,477.7573643546383,261.535189858995
2017-01-31,674.0972333594979,3294.3999188643384,9.664023987053117,6.13534230425272,9.728834075697574,1870.7241844314085,2309.401645438203,1626.124389424772,8.861526029810229,1860.046323506002,1286.0614138881028,5.426152955722472,9.46836543129402,2040.9764954588982,3049.590724478083,7.665637519292613,15.76269066419265,1540.985242727104,3281.975506840571,7402.920874392829,2213.1131421789805,2.5861891047848102,11.970543773774056,1649.3929622917342,1699.9002972684932,1073.3998565794252,907.1474817540897,69.0928110364842,1012.6788085126443,4.2806161616477745,756.7826919349793,2.070742451237879,1030.663213963113,1706.7093606052156,2115.8780807229346,3.034039849571148,5.415738318799826,3.3670563485701277,1.8861058892715739,3.8732453145061383,2091.060260396779,1676.4069310803543,1369.0207270401531,2256.169684194318,1904.2307550951484,1094.7348143666113,2067.8880893942605,2032.9817709245801,1566.6466827032423,1782.061657426747,1005.9787051109585,,2789.060908834793,2.950136584656617,1.7478221841608312,1.64029293144603,3.3113346906580663,2.2827228282946694,,1783.7253216034044,2706.760275878281,2605.9981913349734,1214.9799533807911,4.706826976635396,6.070993677774312,3398.739481298435,1806.699517021712,2211.2281569017796,1288.5835213772482,3903.3356886870847,2295.013939693027,2625.74593338348,1158.7613988143921,7.027814245967663,1742.4942214037983,1264.4891479144226,1449.0249437236228,2331.6811199425083,1477.538455948739,2.9661276788211532,642.3217086010975,2.395342861290852,1366.681662809613,2106.3357606579934,2.33015105756537,2.2516460082860164,6.382795295794966,1145.8991267737088,10.91336410365254,1427.2058638916128,,2.5859464660785303,,1285.6669830724593,1.5591350884054525,4.74831781822364,1.972349340710156,4.129873262366335,2.018408768813179,596.6336977939471,638.5742990356018,1428.263169422139,2335.1377283598163,1491.0745879416638,1245.6550940552736,1041.6665601904176,973.7383124838977,1943.4889253515091,3222.0461465405087,2703.1683789303706,1054.8615855683734,2225.2145721584047,358.7050593912875,4411.149625772736,2655.226511273917,7.950896442309497,3.362419054352493,3.1495061697336686,4.205608110863073,506.07860499848454,470.29183916516246,571.3766066893539,266.361798835427
2017-02-28,619.306468536904,3920.09114793862,18.30424394313516,8.162422694795424,11.422257219556293,1998.4638788780578,2283.9078191016624,1526.7895367560202,12.766308596092635,1901.5738133686084,1329.34912834733,4.301757671116963,9.311099724935124,3209.7738175169093,3284.935840136197,9.333773078040359,15.795292131127272,1796.820154990751,4028.9880440386414,8374.714621214971,2406.4096161999637,2.0980214176460437,8.74481498028287,1735.136430342791,1726.3922118151352,1235.7351957855858,1027.516501371611,73.99051539765625,946.5413163083258,4.568913509645032,782.9601005370714,1.818453298097075,967.5539714582171,2083.9860592825444,2345.44431815939,2.895723936792371,5.039124775520705,3.3301778877517414,2.031551383761994,4.0856043119841665,2032.0972071814908,1628.4645775528024,1291.603321658563,2223.470799135265,1863.6243928452427,1162.271653509147,1976.0660285100196,1778.4687764636776,1566.6096719015197,1477.58144950514,1078.0066710101983,,2649.040121736892,2.729427529371965,1.2481532764493373,,3.0274409611446234,2.0408196299358905,2.2240246395872862,1838.8534384811644,2602.854475674364,2558.453743300238,1385.2495289028973,4.082830627810196,6.833609559357727,3412.3202491005995,1919.4008369087437,2199.715971166575,1272.5002023598086,3806.337778279352,2393.480248339724,2482.654465021893,1168.1652991300127,6.882315689128593,1569.185998254185,1313.844819495228,1408.1160788571053,2185.473825191972,1460.8274996049558,4.382163525127695,618.3418607028887,2.9557639211066276,1326.3005265893921,2861.460886582211,2.5459758928462923,2.5906386767347382,5.258770300560349,1214.8781655508835,8.79204730943294,1557.3299327733578,,,1.4762492217165153,1354.222188276384,1.8611027493265975,4.2087933045994195,2.221641760822664,5.3827160386208055,,456.1141545997071,642.6912773319638,1514.9106896676842,2528.245271344765,1544.7647738728444,1268.749979998129,1169.6502506080506,1032.0870968033244,1950.7092399887479,3376.9504129765446,2687.782998603296,1054.638837274213,2329.6129699778726,361.55161968927433,4550.896908448164,2673.508125991431,7.375522786317784,4.905302443157497,3.3489110496796535,4.256939634742816,518.4227221819536,391.34087345221974,561.3467386839709,250.05746994701192
2017-03-31,680.4391428442029,4090.6018312637416,18.273757246160255,5.814000875204636,11.146252535319546,1927.9460116881176,2390.5078482148197,1481.046222720003,11.324486276923894,1803.7045176596741,1416.4656138323367,3.9831382888283895,7.599346532140717,3253.241894719044,3515.033872171409,7.736207158764762,12.96027036877027,1844.610177689971,4613.547829509519,8329.916730873723,2415.531949631936,2.6613069003909695,10.302520241708184,1874.6119684856853,1541.9088202018825,1221.6151971967342,1061.2158201476645,39.017142424698875,883.839478991548,5.083986086296031,731.5275919270624,1.6256087101790295,951.9500124236115,1982.5723532252835,2292.4099789298784,2.8569997423305677,,3.4569398559206412,1.6691972610824326,3.6120070097364483,2342.8106059064894,1573.4297183229007,1376.3907793442106,2066.3086692517263,1693.1196458374893,1071.883858350388,1821.869968870707,1695.0282268134379,1409.3974075154292,1601.5194550501708,1073.6963266435125,,2481.4726541578616,2.559987447934299,1.8570020645878818,,2.9695609123159645,1.9219393120751291,,1878.8306074743377,2599.892398130843,2498.08496829579,1375.0680742988218,3.352858763276661,5.4626892871717665,3363.8826813645173,1984.5051063319495,2247.695310407549,1193.8282605043796,3731.3551148779134,2233.0912265496722,2621.026878653077,1164.2226124121137,7.27520243784512,1396.9001644255188,1329.2855061520913,1150.7395142011565,2072.6731974147233,1387.9465352401874,3.275371418780658,553.6319872998081,3.4641484605758692,1319.411081186916,2635.1704128436872,,2.0289706491013764,3.3352895089114263,1131.7291527357697,10.542610016806274,1457.2300074560803,2.5655837280706657,2.528852871103987,1.5054586759676167,1313.3620992340361,,4.1461145912192725,2.086775874548612,4.2768186829379236,2.0847141165109058,619.8607050877241,561.5093716443648,1665.4551946918648,2351.4258366850995,1530.1007188994854,1159.3339787108075,1263.5459567324385,1113.4436174439409,1939.6771721195005,3151.1356269174908,2624.357965031534,1005.8204729459976,2467.374768832732,341.9626451952853,4643.950501120026,2729.279105298841,5.387824085236781,4.989427059976587,3.607686860270642,4.117532163336225,498.1847398324988,349.3917425994983,599.0531558932821,214.5705273613087
2017-04-30,745.363307573,4310.1589656050965,10.234154656126359,6.8298158326548775,11.26624674895431,2015.1618140453631,2456.7030968457484,1504.828324686719,10.298455444579172,1816.0845197846959,1400.85171747266,3.484766668710181,8.892308244336329,3891.914531797098,3743.470935538421,5.5899286454026935,9.35557825535432,1967.321632956793,4693.773235134855,8986.838003802928,2479.902306159825,3.104447983721868,9.970373015300614,1896.9964025639172,1604.2378152177146,1224.139627462172,972.7373876619089,39.94738430286518,808.7246627771607,4.513491052361223,904.2054895085068,1.5468863055223745,916.4236593035633,2176.5902364863373,2565.996078837964,2.7412335074732317,4.418412825923773,3.3933772522339134,,3.8049110703967925,2454.9681219313134,1366.94151592756,1378.4613780925913,2063.6322884064516,2158.09648535751,1117.4687573544977,2137.8794995175926,1856.4123376997068,1656.458413557487,1601.827740166454,1161.3939677058963,2.038958510055883,2639.7854371770795,2.4299069384256486,,,2.957047777592761,2.014063543280876,,2210.0954514683754,2902.5405355054436,2646.2582661709052,1358.5073651350162,4.01702714170434,5.242359096959069,3577.2778414357745,2109.5094574597647,2443.583244536493,1254.6886394582268,3723.9530721099054,2485.733850953334,2750.496000489577,1220.3525575665674,6.952587342477837,1319.429986160482,1447.2278309708072,1045.3232138521187,2131.8809356024244,1385.3214352560094,3.687762391612602,541.7097681406664,3.73558783041091,1300.699614123879,2481.6870707610797,3.0970515833258085,2.285682320387358,2.9284671010217647,1103.5399366875822,9.334224830500132,1414.0216230781168,2.4716510843290047,2.3863048653488397,,1253.6680038739153,,4.297485678048396,,5.009491912476988,2.070415864764959,852.3414667006939,585.3216767774154,1714.59855604134,2293.4014434411747,1639.6448171620868,1261.050195386507,1251.0797440929036,1155.0499263033723,2072.248882777792,3470.906553183645,2645.93607808353,1027.5127767014758,2651.406498310226,431.3710828490223,5323.004461812889,2970.8133824735532,3.447794405784523,3.8326063287831635,3.2793917280468237,,572.8991622655697,371.5921566649175,597.652305182295,223.32555425891047
2017-05-31,769.3569971922036,4085.468357792992,13.778190382132646,6.859927650170187,9.292428011954245,1837.6492468499534,2532.950755594936,1477.558741347749,12.660838825633228,1718.0854040458066,1412.3691434972295,3.3669331194799033,6.701678553381203,3529.831496885635,3677.9295897474194,8.653207554669523,6.987111096931907,1876.8743444468853,4398.214352176258,9484.631991021755,2644.19020936829,3.6488973732548002,10.38544251880457,2043.1957222276508,1624.5195767518808,1681.147593508011,1005.0235970274541,30.34598022779324,795.3520222328038,,1077.2281559227913,1.5849653044076746,863.8580335024384,2154.64278094758,2569.996368746664,2.7115102449681006,4.294256655618978,3.5013769255086653,1.8659143650446228,3.55012338360208,2359.671337622674,1191.5133654560398,1114.7399059280576,2050.3768244419966,2107.5333360751374,1048.3434677603814,2060.2089897748515,1473.1188343193546,1331.0854882264127,1603.4395926056552,967.7046635274621,,2266.0027423748757,2.3300430773764402,1.8460575146301552,1.611285819145682,2.931201289504195,2.0451906379729508,,1975.4603140663444,2899.9633996994035,2477.9061656648137,1146.9587662660788,3.5092388122824127,5.441872352852793,2920.3943604805636,1880.8192650868339,2498.9975047456587,1269.9091996048066,3417.4732157860453,2287.8676258838054,2768.364523611051,1133.7205092479226,6.951437823486241,1299.4136917995893,1331.0635972383848,1029.4074595055129,2108.7443372800676,1309.3665538218063,4.156637405341356,519.9822398849047,3.3621567656921627,1191.6114239962114,2723.181385316003,3.483080422939319,2.6156767869270423,2.575883592271501,964.7099882819678,7.931735298874073,1104.7146834483817,,2.1921542647740284,1.4986093731106296,1264.0165952849818,,,2.0744584160794894,5.121487817406393,2.2967256158585885,556.7857006838515,555.2621966170942,1638.2862721338715,2259.539854046734,1624.6925477262014,1283.5298305236622,1191.4732161210711,1034.9282795033105,2080.5992239698644,3474.305111053684,2631.457411934324,969.9618499385725,2719.744483561141,427.43748084228565,5033.300319107388,2878.811329524379,3.334882998790372,3.2200400409720187,3.083143275169919,4.021246691466102,618.3642726782363,332.4882194228047,490.6851737134606,228.656661061058
2017-06-30,804.4836812864673,3930.2226271697255,13.717503312364556,9.112675130481488,9.587054275049407,1701.2212752763805,2334.7031558283365,1380.1569209172442,12.787465431015715,1563.7692636446932,1274.3128586759174,3.0224202652910934,5.8886167664422775,3042.522327275716,3390.9090184271067,,,1826.288948160129,3667.4160352625045,9580.339876577757,2706.5577435601003,,24.171641778113905,2181.242151748162,1650.310642916159,1474.6656583583556,943.8262845502511,26.87884349512092,903.9721858361077,,1207.8548264031836,,910.8113413780975,2331.4107240053795,2951.8120067046125,,3.949188212942251,,,,2288.938993235637,1149.4408848745081,1262.5210814152579,2091.0397303069994,2217.862449776265,1053.630378079306,1997.5017727290444,1723.957718897839,1439.1786465768066,1748.6289594727905,1175.4762357549882,,2346.6951075197926,2.2464255122974546,1.6680792686828922,1.584792792845077,2.8660197075973564,,,2098.7389986929543,2780.3427573017643,2565.5509991224126,1034.95734369202,3.642051504675416,5.761965564823258,3381.880221540241,1929.1491859827336,2587.743614648463,1168.7296644400583,3809.7174986989626,2202.0837272551976,2929.668425877101,1111.7577105213518,7.291215945925126,1300.4488949505599,1384.1624874624158,958.8192794545716,2105.970992417546,1323.5289047074139,5.211514274818532,481.5430224573164,3.0005292250619435,1250.853811155314,2390.2770501459977,,,3.0615069528022,1150.5766641640712,7.117021692869614,1182.8688035060297,,,,1272.3153834923976,,4.313143027855548,,5.206798130344785,,666.2736299979432,541.1194912320251,1503.7181216217814,2223.335702317182,1581.404124286191,1266.909780804378,1023.4943062145738,985.2657627906354,2196.955322708381,3216.7542082993095,2744.4114884573673,1035.0333378653472,2429.335602553823,435.0768575834561,4726.789271776309,2708.022894101725,,5.343927071215381,2.7412745176325632,4.165750142414952,529.9547743030913,348.378629395822,464.44237303374103,241.07449861068912
2017-07-31,372.37247476732466,2790.917114534858,8.57206156462519,,,1329.0076372204787,1744.6372917057513,1157.6449017837983,,1141.7135781663987,980.8957050053145,,,2672.3086848660455,2635.2545200985064,,,1420.1645140866967,2055.683599201442,7815.9530226468,2456.7992596868203,,,1239.5893689789777,1338.643799363132,868.5281595933054,480.45669369156474,22.479725952565612,703.7298700591276,4.041210314602333,494.8443694587916,,678.2723828199303,1150.4141165213173,1314.1393995244835,,,,,,1590.120949204097,846.3423994095793,763.123287159127,1551.6913549147203,1408.9291139629117,859.1520340330122,1634.1293808592022,1222.7305032904242,926.3500621073761,1363.0507909911169,651.2920845359929,,1880.019647439367,,,,,,,1205.3239113091595,1995.4615938585625,1890.3535035065195,692.3973915406139,,,2762.1709054685243,1290.515196071993,1729.628673854183,526.0151732896029,2977.738438532904,1329.4392791886628,1640.944276703353,746.1713406616725,6.7752224079705865,911.7932073518195,1137.2303343308472,645.7889505551062,1528.473325741536,1137.9213430878171,,416.2469729039084,,881.029250645181,1626.490498585692,,,,704.6934576689612,,1057.850626886984,,,,729.9256036293489,,,,,,343.3755159934633,308.3396737425322,1149.5504931322107,1803.6268366174206,1457.1992120359737,762.3062897560162,731.6851711631824,787.5960623610107,2217.6867278902355,2622.539905448274,2116.7095947602816,873.2710372218228,2034.7657292186823,252.2254435868688,4238.727416107283,2288.7134687888833,,,,,409.9842839319225,,316.6942513215763,137.13172854352527
2017-08-31,121.03428393575417,513.0189204284775,,,,459.3962883737148,619.3676656191396,391.60591579807726,,356.3510793119478,485.09521356239054,,,863.194244236475,693.2814176368024,,7.095793361623066,420.0775906030256,290.5233449094203,2085.715968889501,925.8678959324216,,5.287675734667145,304.30607409218476,,158.92263304354083,34.58098958376377,,99.34124542401784,,229.4782186300075,,328.1716007677513,283.7596812784968,433.870344445444,,3.7190004688245875,,,,300.08840562548716,177.1689089145654,130.84293293154934,398.6427640750039,272.4688201919696,142.55512530723922,544.7782706576913,310.34519756662326,215.31953571465527,441.97138932442937,-18.08401446131063,,425.42927490090926,,,,,,,88.58988470536946,175.4250732472933,651.3318835698667,150.02260776948128,,,1254.2311740917794,340.1897316873776,543.210184928859,148.11797725644556,392.6249939891161,418.45496521456096,275.2295809813802,421.23899766504445,,442.33667608903585,383.8847159407315,247.00825474739023,585.0807178434204,572.9206786109733,,256.1381179398285,,481.44623170140477,415.0009064119962,,,2.370946535193018,227.57828320472947,,533.0322819574244,,,,361.41149551475854,,,,,,-77.67462794006448,180.5173483581991,355.0404884741845,754.5004525450731,934.527388185216,65.1514066477003,137.8868824622122,239.3004621991793,1322.7776574972158,818.0795617779028,446.90925019325846,258.28129976571705,654.8789006664662,127.3101701135073,1210.3367360725972,808.9995419168245,,,,,180.40160897920683,212.2969316693103,94.44385443611938,77.94132733125699
2017-09-30,69.19807667794302,-48.35602831347316,,,,113.42739457699545,331.5617225738291,80.05516202836517,4.856970558771129,78.59812031391083,226.69576439573984,,,632.366531722869,-71.13662835969922,,5.7339054078988605,41.77954807085217,-67.89201233367858,923.3137726641999,592.520577066687,,,188.44653856929511,444.9510408036276,125.90555974831982,-8.950134946979368,,-20.7448862758765,,167.2540431826524,,136.47647462578362,205.1523136124169,283.28381588167036,2.873973250742444,,,,,139.42727318589323,55.39372429565159,88.69523577755199,193.46997081624602,220.46353830259085,89.20216565075819,353.0394952739509,219.13641476000146,123.39357766346521,258.6391148067578,25.655265719368742,,273.0903779477454,,,,,,,-14.550460121683873,-84.8967645878851,245.1689015048474,-12.079169044497736,,,496.8839105836943,39.691945904868746,291.0661402059878,91.1386683016177,-106.65123837439589,122.61463905110134,182.5220311535975,313.9073692026302,,254.80696335919956,203.14934752564304,65.84482644040851,338.0191851787888,257.7250504863341,,117.60293330528562,,274.63742007275505,182.20245075615173,,,,86.26019845976788,,304.4030115115581,,,,239.26278454446827,,,,,,56.74721380320447,124.38734099621033,4.345789829923248,225.27321674296905,574.3962324326316,-20.621516686660105,-10.848262170363821,-2.5436907715336807,705.006619141519,3.5398698412062055,220.89899781276378,88.70793431237314,5.8022925311167555,65.56260991897003,68.71853514901738,9.085922748184629,,,,4.082677723582405,89.22292258170842,100.75584193933308,,52.94150791963571
2017-10-31,43.68708420031836,16.18352893820186,6.297416085650012,,,31.5765386240794,179.045254923224,18.92337303276416,,21.08691236341109,,,,457.803627093524,20.681824582175324,,,7.088385936605356,30.38309545723233,414.63423600774985,377.4135891701006,,,114.96818637093652,235.13543160754566,106.31155293289753,5.164345982994195,18.959347162728843,11.349959169300188,,121.14946460862599,,58.50224558151722,149.316759166736,190.7170143214203,,,,,,68.18883633875392,21.8028687799249,58.309211945582476,99.06655052251492,180.68110006332947,56.83854036811248,229.6121476546339,150.5106503476788,,149.3335232310869,-20.815130136008555,,173.51748598056523,,,,,,,16.074243348912944,70.28937401678698,95.27742446146577,5.86872528543911,,,202.20493739904353,12.812098145798837,154.47684807928343,58.466763074983774,50.780031225574405,40.434381558543166,124.06806659695981,236.7806767768618,,146.1126816347381,96.32621856169732,23.460779541493086,197.05657771894616,117.49338456098108,,55.001231107760695,,159.5001479183279,81.31270314517094,,,,34.26080036550096,,175.3615310511311,,,,159.69850101404387,,,,,,-24.980557560882147,87.3579733662911,2.367744281208999,69.27114480860196,354.2779052360492,15.067664142078344,3.1858535539766084,1.7174466184703656,378.0764101114083,5.355731160976049,114.97943935654688,32.062765575725265,3.343254062038248,35.17505325892427,12.754695149567928,3.4710911162581715,,,,,,,,37.312141912155
2017-11-30,27.448193288153714,5.796282614858615,,,,9.620163246388433,96.2780294417711,10.82514255507085,,11.170840854300174,107.85025786608844,,,337.7796547484063,7.100219495949509,,,5.628189722058305,0.7352895824344561,188.01794627499604,242.45434518245065,,,67.07749183915281,127.38959241619153,80.39414946973251,-0.7428685699729585,,3.016320493252961,,87.90942169944603,,27.56527135820758,102.63192656241094,125.63195331159045,,,,,,34.02747668959233,8.199043404482179,43.03002922071715,52.356888940593834,155.299637558247,37.12139621392276,151.11417018533535,107.84623059277355,,86.53776531801597,24.789629790065202,,115.53961314740064,,,,,,,2.9097987252824105,-15.178865478430406,38.38194607599823,3.78281625233398,,,84.42789624852635,11.62244393208489,83.28359383514506,40.68555997314455,3.672512305207336,20.607645323738723,87.37373841186687,175.7767524413408,,84.56211492753809,48.318953028199104,11.376694335932758,115.00354418906657,53.12861845735706,,26.702744390117818,,91.37734733675374,40.29395453969362,,1.765089758380328,,14.708530990022323,,100.33652533091197,,,,106.65711676897091,,,,,,21.488305876891296,61.33637114416802,3.2793039288575923,23.896760703245192,218.0174155069267,,,1.3637955947874576,202.01244014637956,6.298402046302814,59.88109342118858,11.417834714921396,3.6593258166028475,18.959707616935425,7.563829262162615,3.7859639857250027,,,,,44.384694892899326,,56.45972871333959,25.2052791152994
2017-12-31,17.055877125250433,2.8959675502176867,,,,3.2010405857574127,54.70215660106237,10.16190761844591,,8.784543421037968,52.5267058991412,,,244.85094747061805,8.367456176572288,,,10.71544859231401,9.738510748160381,88.83691227031562,155.92377086756946,,,41.60060190661689,69.15232103985018,64.87388554078703,3.932876173656893,16.33542265703952,3.4098970226570806,,67.18080074261758,,14.8579245249816,71.19548021088204,86.066209027538,,,,,,16.24922433695534,6.1712237951684505,25.623299572706077,30.643077990376124,132.1634075572709,23.62889766003326,101.7044068753018,76.03043533254883,68.77136277534046,49.778530166530075,-18.389804881445215,,73.07240982802068,,,,,,,3.865562111565567,19.877774055432,18.031231664751537,4.02524115268188,,,36.863189646250625,15.410451058040595,45.04226391406036,24.49274296004517,22.631233060447247,11.082216185171577,64.02327006249453,132.111087884586,,52.293880959340484,28.419152209346983,6.249593227087191,66.150845414794,24.20357523510801,,15.036446716350026,,54.75908187490613,19.607352657116515,,,,8.788728559719928,,58.410695925743575,,,,,,,,,,-8.016122508591497,43.833109789977044,4.635278181972851,12.267105886017237,134.38575805077318,-1.3894833179785069,1.8905495052301586,3.561090886886256,107.95385214830151,8.300687031981713,34.26483071971762,5.236928546852663,5.317416514050503,,9.606979680095291,3.607202036897651,,,,,22.334951233413516,47.781213647060255,34.817027835387606,18.13638847501726
