Violation Precinct,Issue Date,count
0,2014-01-31,1198
0,2014-02-28,1237
0,2014-03-31,1595
0,2014-04-30,1325
0,2014-05-31,1229
0,2014-06-30,1218
0,2014-07-31,1083
0,2014-08-31,1365
0,2014-09-30,1178
0,2014-10-31,1005
0,2014-11-30,999
0,2014-12-31,1252
0,2015-01-31,1194
0,2015-02-28,919
0,2015-03-31,1077
0,2015-04-30,980
0,2015-05-31,834
0,2015-06-30,1210
0,2015-07-31,829
0,2015-08-31,758
0,2015-09-30,677
0,2015-10-31,715
0,2015-11-30,692
0,2015-12-31,714
0,2016-01-31,816
0,2016-02-29,859
0,2016-03-31,869
0,2016-04-30,807
0,2016-05-31,651
0,2016-06-30,715
0,2016-07-31,823
0,2016-08-31,749
0,2016-09-30,692
0,2016-10-31,786
0,2016-11-30,645
0,2016-12-31,665
0,2017-01-31,601
0,2017-02-28,687
0,2017-03-31,765
0,2017-04-30,785
0,2017-05-31,821
0,2017-06-30,271
0,2017-07-31,8
0,2017-08-31,1
0,2017-09-30,4
0,2017-10-31,4
0,2017-11-30,3
0,2017-12-31,5
1,2014-01-31,3452
1,2014-02-28,3758
1,2014-03-31,3763
1,2014-04-30,4209
1,2014-05-31,3785
1,2014-06-30,3789
1,2014-07-31,3967
1,2014-08-31,4198
1,2014-09-30,4111
1,2014-10-31,3969
1,2014-11-30,3829
1,2014-12-31,3306
1,2015-01-31,5558
1,2015-02-28,3231
1,2015-03-31,3715
1,2015-04-30,3650
1,2015-05-31,3427
1,2015-06-30,5036
1,2015-07-31,4095
1,2015-08-31,4360
1,2015-09-30,3535
1,2015-10-31,3964
1,2015-11-30,3391
1,2015-12-31,2815
1,2016-01-31,3632
1,2016-02-29,4092
1,2016-03-31,4126
1,2016-04-30,3766
1,2016-05-31,3936
1,2016-06-30,3686
1,2016-07-31,3363
1,2016-08-31,3660
1,2016-09-30,3933
1,2016-10-31,4417
1,2016-11-30,3729
1,2016-12-31,3198
1,2017-01-31,4136
1,2017-02-28,4045
1,2017-03-31,4391
1,2017-04-30,3988
1,2017-05-31,3929
1,2017-06-30,2474
1,2017-07-31,15
1,2017-08-31,10
1,2017-09-30,9
1,2017-10-31,6
1,2017-11-30,2
1,2017-12-31,4
2,2014-01-31,17
2,2014-02-28,18
2,2014-03-31,19
2,2014-04-30,18
2,2014-05-31,21
2,2014-06-30,20
2,2014-07-31,22
2,2014-08-31,20
2,2014-09-30,18
2,2014-10-31,8
2,2014-11-30,15
2,2014-12-31,13
2,2015-01-31,20
2,2015-02-28,40
2,2015-03-31,21
2,2015-04-30,15
2,2015-05-31,20
2,2015-06-30,17
2,2015-07-31,28
2,2015-08-31,19
2,2015-09-30,10
2,2015-10-31,15
2,2015-11-30,13
2,2015-12-31,15
2,2016-01-31,27
2,2016-02-29,48
2,2016-03-31,39
2,2016-04-30,74
2,2016-05-31,47
2,2016-06-30,35
2,2016-07-31,19
2,2016-08-31,13
2,2016-09-30,15
2,2016-10-31,24
2,2016-11-30,9
2,2016-12-31,5
2,2017-01-31,17
2,2017-02-28,17
2,2017-03-31,6
2,2017-04-30,11
2,2017-05-31,11
2,2017-06-30,4
2,2017-07-31,1
2,2017-10-31,1
3,2014-01-31,9
3,2014-02-28,12
3,2014-03-31,16
3,2014-04-30,16
3,2014-05-31,18
3,2014-06-30,15
3,2014-07-31,27
3,2014-08-31,17
3,2014-09-30,18
3,2014-10-31,8
3,2014-11-30,13
3,2014-12-31,22
3,2015-01-31,12
3,2015-02-28,14
3,2015-03-31,14
3,2015-04-30,11
3,2015-05-31,11
3,2015-06-30,12
3,2015-07-31,15
3,2015-08-31,6
3,2015-09-30,11
3,2015-10-31,7
3,2015-11-30,4
3,2015-12-31,10
3,2016-01-31,18
3,2016-02-29,21
3,2016-03-31,12
3,2016-04-30,9
3,2016-05-31,6
3,2016-06-30,8
3,2016-07-31,3
3,2016-08-31,5
3,2016-09-30,5
3,2016-10-31,7
3,2016-11-30,4
3,2016-12-31,5
3,2017-01-31,10
3,2017-02-28,4
3,2017-03-31,7
3,2017-04-30,7
3,2017-05-31,12
3,2017-06-30,3
4,2014-01-31,18
4,2014-02-28,13
4,2014-03-31,18
4,2014-04-30,23
4,2014-05-31,14
4,2014-06-30,15
4,2014-07-31,15
4,2014-08-31,14
4,2014-09-30,24
4,2014-10-31,18
4,2014-11-30,21
4,2014-12-31,5
4,2015-01-31,29
4,2015-02-28,26
4,2015-03-31,17
4,2015-04-30,8
4,2015-05-31,9
4,2015-06-30,24
4,2015-07-31,14
4,2015-08-31,9
4,2015-09-30,5
4,2015-10-31,11
4,2015-11-30,8
4,2015-12-31,26
4,2016-01-31,18
4,2016-02-29,28
4,2016-03-31,11
4,2016-04-30,13
4,2016-05-31,8
4,2016-06-30,9
4,2016-07-31,9
4,2016-08-31,4
4,2016-09-30,10
4,2016-10-31,7
4,2016-11-30,9
4,2016-12-31,7
4,2017-01-31,15
4,2017-02-28,12
4,2017-03-31,12
4,2017-04-30,4
4,2017-05-31,8
4,2017-06-30,6
5,2014-01-31,2087
5,2014-02-28,1876
5,2014-03-31,2183
5,2014-04-30,2313
5,2014-05-31,2187
5,2014-06-30,2299
5,2014-07-31,2363
5,2014-08-31,2597
5,2014-09-30,2650
5,2014-10-31,2387
5,2014-11-30,2184
5,2014-12-31,1798
5,2015-01-31,3422
5,2015-02-28,2172
5,2015-03-31,1945
5,2015-04-30,2200
5,2015-05-31,1833
5,2015-06-30,2527
5,2015-07-31,1702
5,2015-08-31,2207
5,2015-09-30,1980
5,2015-10-31,1990
5,2015-11-30,2021
5,2015-12-31,1483
5,2016-01-31,1868
5,2016-02-29,2105
5,2016-03-31,2300
5,2016-04-30,2280
5,2016-05-31,2041
5,2016-06-30,1741
5,2016-07-31,1748
5,2016-08-31,2112
5,2016-09-30,2499
5,2016-10-31,2289
5,2016-11-30,1895
5,2016-12-31,1800
5,2017-01-31,2084
5,2017-02-28,1872
5,2017-03-31,2075
5,2017-04-30,1726
5,2017-05-31,1645
5,2017-06-30,1129
5,2017-07-31,5
5,2017-08-31,3
5,2017-09-30,6
5,2017-10-31,2
5,2017-11-30,1
5,2017-12-31,6
6,2014-01-31,2827
6,2014-02-28,2914
6,2014-03-31,3202
6,2014-04-30,3360
6,2014-05-31,3136
6,2014-06-30,3023
6,2014-07-31,3434
6,2014-08-31,3600
6,2014-09-30,3702
6,2014-10-31,3461
6,2014-11-30,2629
6,2014-12-31,2003
6,2015-01-31,4358
6,2015-02-28,2383
6,2015-03-31,2669
6,2015-04-30,2732
6,2015-05-31,2684
6,2015-06-30,3178
6,2015-07-31,2367
6,2015-08-31,3042
6,2015-09-30,2766
6,2015-10-31,2819
6,2015-11-30,2702
6,2015-12-31,1635
6,2016-01-31,2543
6,2016-02-29,3100
6,2016-03-31,3443
6,2016-04-30,2878
6,2016-05-31,2706
6,2016-06-30,2066
6,2016-07-31,2094
6,2016-08-31,2384
6,2016-09-30,2776
6,2016-10-31,2908
6,2016-11-30,2552
6,2016-12-31,2157
6,2017-01-31,2224
6,2017-02-28,2421
6,2017-03-31,2497
6,2017-04-30,2581
6,2017-05-31,2258
6,2017-06-30,1447
6,2017-07-31,4
6,2017-08-31,4
6,2017-09-30,5
6,2017-10-31,3
6,2017-11-30,6
6,2017-12-31,2
7,2014-01-31,2072
7,2014-02-28,1968
7,2014-03-31,2344
7,2014-04-30,2354
7,2014-05-31,2350
7,2014-06-30,2397
7,2014-07-31,2197
7,2014-08-31,2470
7,2014-09-30,2277
7,2014-10-31,2425
7,2014-11-30,2035
7,2014-12-31,1665
7,2015-01-31,2642
7,2015-02-28,1616
7,2015-03-31,1794
7,2015-04-30,1754
7,2015-05-31,1763
7,2015-06-30,2517
7,2015-07-31,1684
7,2015-08-31,1843
7,2015-09-30,1717
7,2015-10-31,2078
7,2015-11-30,1695
7,2015-12-31,1348
7,2016-01-31,1579
7,2016-02-29,2078
7,2016-03-31,2038
7,2016-04-30,1981
7,2016-05-31,1769
7,2016-06-30,1648
7,2016-07-31,1415
7,2016-08-31,1569
7,2016-09-30,1762
7,2016-10-31,1831
7,2016-11-30,1667
7,2016-12-31,1589
7,2017-01-31,1482
7,2017-02-28,1467
7,2017-03-31,1521
7,2017-04-30,1459
7,2017-05-31,1332
7,2017-06-30,1049
7,2017-07-31,4
7,2017-08-31,4
7,2017-09-30,4
7,2017-10-31,10
7,2017-11-30,10
7,2017-12-31,4
8,2014-01-31,20
8,2014-02-28,20
8,2014-03-31,21
8,2014-04-30,13
8,2014-05-31,20
8,2014-06-30,20
8,2014-07-31,27
8,2014-08-31,18
8,2014-09-30,29
8,2014-10-31,12
8,2014-11-30,19
8,2014-12-31,19
8,2015-01-31,17
8,2015-02-28,15
8,2015-03-31,11
8,2015-04-30,19
8,2015-05-31,11
8,2015-06-30,17
8,2015-07-31,16
8,2015-08-31,18
8,2015-09-30,7
8,2015-10-31,11
8,2015-11-30,5
8,2015-12-31,12
8,2016-01-31,11
8,2016-02-29,11
8,2016-03-31,12
8,2016-04-30,15
8,2016-05-31,3
8,2016-06-30,7
8,2016-07-31,3
8,2016-08-31,13
8,2016-09-30,3
8,2016-10-31,14
8,2016-11-30,7
8,2016-12-31,13
8,2017-01-31,12
8,2017-02-28,10
8,2017-03-31,11
8,2017-04-30,16
8,2017-05-31,6
8,2017-06-30,3
8,2017-09-30,1
9,2014-01-31,2196
9,2014-02-28,1962
9,2014-03-31,2348
9,2014-04-30,2289
9,2014-05-31,2380
9,2014-06-30,2280
9,2014-07-31,1992
9,2014-08-31,2543
9,2014-09-30,2468
9,2014-10-31,2269
9,2014-11-30,1990
9,2014-12-31,1522
9,2015-01-31,2830
9,2015-02-28,1841
9,2015-03-31,1936
9,2015-04-30,1873
9,2015-05-31,1884
9,2015-06-30,2585
9,2015-07-31,1757
9,2015-08-31,1814
9,2015-09-30,1770
9,2015-10-31,2008
9,2015-11-30,1643
9,2015-12-31,1060
9,2016-01-31,1498
9,2016-02-29,1630
9,2016-03-31,2171
9,2016-04-30,1828
9,2016-05-31,1768
9,2016-06-30,1760
9,2016-07-31,1586
9,2016-08-31,1855
9,2016-09-30,1989
9,2016-10-31,2146
9,2016-11-30,2024
9,2016-12-31,1771
9,2017-01-31,1938
9,2017-02-28,1749
9,2017-03-31,1832
9,2017-04-30,1667
9,2017-05-31,1497
9,2017-06-30,946
9,2017-07-31,5
9,2017-08-31,5
9,2017-09-30,6
9,2017-10-31,9
9,2017-11-30,8
9,2017-12-31,12
10,2014-01-31,2707
10,2014-02-28,2387
10,2014-03-31,2840
10,2014-04-30,3234
10,2014-05-31,2863
10,2014-06-30,3131
10,2014-07-31,3143
10,2014-08-31,3192
10,2014-09-30,2845
10,2014-10-31,2572
10,2014-11-30,2388
10,2014-12-31,2157
10,2015-01-31,3951
10,2015-02-28,1902
10,2015-03-31,2143
10,2015-04-30,2151
10,2015-05-31,2010
10,2015-06-30,2799
10,2015-07-31,1926
10,2015-08-31,1987
10,2015-09-30,1883
10,2015-10-31,2179
10,2015-11-30,2007
10,2015-12-31,1165
10,2016-01-31,1946
10,2016-02-29,2394
10,2016-03-31,2279
10,2016-04-30,2147
10,2016-05-31,2109
10,2016-06-30,1782
10,2016-07-31,1344
10,2016-08-31,1510
10,2016-09-30,1525
10,2016-10-31,1813
10,2016-11-30,1496
10,2016-12-31,983
10,2017-01-31,1399
10,2017-02-28,1499
10,2017-03-31,1378
10,2017-04-30,1426
10,2017-05-31,1133
10,2017-06-30,695
10,2017-07-31,6
10,2017-08-31,5
10,2017-09-30,6
10,2017-11-30,5
10,2017-12-31,3
11,2014-01-31,27
11,2014-02-28,12
11,2014-03-31,10
11,2014-04-30,9
11,2014-05-31,15
11,2014-06-30,10
11,2014-07-31,10
11,2014-08-31,10
11,2014-09-30,20
11,2014-10-31,15
11,2014-11-30,8
11,2014-12-31,4
11,2015-01-31,21
11,2015-02-28,13
11,2015-03-31,14
11,2015-04-30,18
11,2015-05-31,10
11,2015-06-30,35
11,2015-07-31,19
11,2015-08-31,9
11,2015-09-30,10
11,2015-10-31,5
11,2015-11-30,17
11,2015-12-31,6
11,2016-01-31,14
11,2016-02-29,13
11,2016-03-31,10
11,2016-04-30,1
11,2016-05-31,4
11,2016-06-30,8
11,2016-07-31,6
11,2016-08-31,5
11,2016-09-30,3
11,2016-11-30,2
11,2016-12-31,7
11,2017-01-31,1
11,2017-02-28,3
11,2017-03-31,2
11,2017-04-30,3
11,2017-05-31,2
11,2017-06-30,4
12,2014-01-31,14
12,2014-02-28,17
12,2014-03-31,21
12,2014-04-30,10
12,2014-05-31,17
12,2014-06-30,24
12,2014-07-31,25
12,2014-08-31,21
12,2014-09-30,13
12,2014-10-31,18
12,2014-11-30,15
12,2014-12-31,25
12,2015-01-31,64
12,2015-02-28,86
12,2015-03-31,11
12,2015-04-30,20
12,2015-05-31,8
12,2015-06-30,27
12,2015-07-31,12
12,2015-08-31,17
12,2015-09-30,10
12,2015-10-31,13
12,2015-11-30,9
12,2015-12-31,7
12,2016-01-31,22
12,2016-02-29,18
12,2016-03-31,17
12,2016-04-30,12
12,2016-05-31,7
12,2016-06-30,10
12,2016-07-31,9
12,2016-08-31,5
12,2016-09-30,3
12,2016-10-31,4
12,2016-11-30,4
12,2016-12-31,8
12,2017-01-31,8
12,2017-02-28,5
12,2017-03-31,8
12,2017-04-30,4
12,2017-05-31,3
12,2017-06-30,1
13,2014-01-31,4045
13,2014-02-28,3533
13,2014-03-31,4678
13,2014-04-30,4731
13,2014-05-31,4682
13,2014-06-30,4879
13,2014-07-31,4870
13,2014-08-31,5008
13,2014-09-30,4753
13,2014-10-31,4390
13,2014-11-30,3297
13,2014-12-31,2714
13,2015-01-31,6080
13,2015-02-28,3026
13,2015-03-31,4038
13,2015-04-30,4188
13,2015-05-31,4235
13,2015-06-30,5513
13,2015-07-31,3951
13,2015-08-31,3921
13,2015-09-30,3906
13,2015-10-31,4230
13,2015-11-30,3665
13,2015-12-31,1563
13,2016-01-31,3372
13,2016-02-29,5465
13,2016-03-31,6440
13,2016-04-30,5536
13,2016-05-31,5033
13,2016-06-30,4403
13,2016-07-31,3586
13,2016-08-31,4247
13,2016-09-30,4767
13,2016-10-31,4657
13,2016-11-30,3337
13,2016-12-31,1201
13,2017-01-31,3139
13,2017-02-28,3226
13,2017-03-31,4122
13,2017-04-30,3533
13,2017-05-31,2856
13,2017-06-30,2413
13,2017-07-31,2
13,2017-08-31,7
13,2017-09-30,1
13,2017-10-31,7
13,2017-11-30,3
13,2017-12-31,7
14,2014-01-31,5819
14,2014-02-28,5564
14,2014-03-31,6742
14,2014-04-30,6765
14,2014-05-31,6572
14,2014-06-30,6116
14,2014-07-31,6053
14,2014-08-31,6347
14,2014-09-30,6397
14,2014-10-31,5823
14,2014-11-30,4976
14,2014-12-31,2922
14,2015-01-31,6762
14,2015-02-28,5044
14,2015-03-31,5677
14,2015-04-30,5651
14,2015-05-31,5217
14,2015-06-30,7038
14,2015-07-31,4953
14,2015-08-31,4909
14,2015-09-30,4412
14,2015-10-31,4562
14,2015-11-30,4075
14,2015-12-31,2881
14,2016-01-31,4646
14,2016-02-29,4597
14,2016-03-31,5182
14,2016-04-30,4670
14,2016-05-31,4572
14,2016-06-30,4517
14,2016-07-31,3889
14,2016-08-31,4743
14,2016-09-30,4516
14,2016-10-31,4683
14,2016-11-30,3641
14,2016-12-31,2840
14,2017-01-31,3521
14,2017-02-28,3472
14,2017-03-31,3873
14,2017-04-30,3568
14,2017-05-31,3330
14,2017-06-30,2333
14,2017-07-31,7
14,2017-08-31,11
14,2017-09-30,11
14,2017-10-31,7
14,2017-11-30,9
14,2017-12-31,3
15,2014-01-31,18
15,2014-02-28,13
15,2014-03-31,13
15,2014-04-30,17
15,2014-05-31,15
15,2014-06-30,15
15,2014-07-31,17
15,2014-08-31,21
15,2014-09-30,25
15,2014-10-31,19
15,2014-11-30,23
15,2014-12-31,10
15,2015-01-31,21
15,2015-02-28,29
15,2015-03-31,42
15,2015-04-30,18
15,2015-05-31,21
15,2015-06-30,31
15,2015-07-31,26
15,2015-08-31,21
15,2015-09-30,9
15,2015-10-31,14
15,2015-11-30,12
15,2015-12-31,19
15,2016-01-31,13
15,2016-02-29,20
15,2016-03-31,12
15,2016-04-30,12
15,2016-05-31,5
15,2016-06-30,4
15,2016-07-31,7
15,2016-08-31,9
15,2016-09-30,6
15,2016-10-31,5
15,2016-11-30,2
15,2016-12-31,10
15,2017-01-31,12
15,2017-02-28,7
15,2017-03-31,3
15,2017-04-30,11
15,2017-05-31,1
16,2014-01-31,14
16,2014-02-28,11
16,2014-03-31,19
16,2014-04-30,14
16,2014-05-31,11
16,2014-06-30,7
16,2014-07-31,7
16,2014-08-31,19
16,2014-09-30,7
16,2014-10-31,21
16,2014-11-30,12
16,2014-12-31,10
16,2015-01-31,10
16,2015-02-28,12
16,2015-03-31,15
16,2015-04-30,16
16,2015-05-31,9
16,2015-06-30,17
16,2015-07-31,9
16,2015-08-31,12
16,2015-09-30,9
16,2015-10-31,14
16,2015-11-30,14
16,2015-12-31,11
16,2016-01-31,15
16,2016-02-29,47
16,2016-03-31,15
16,2016-04-30,19
16,2016-05-31,29
16,2016-06-30,18
16,2016-07-31,9
16,2016-08-31,18
16,2016-09-30,13
16,2016-10-31,15
16,2016-11-30,14
16,2016-12-31,18
16,2017-01-31,15
16,2017-02-28,5
16,2017-03-31,2
16,2017-04-30,3
16,2017-05-31,9
16,2017-08-31,1
16,2017-09-30,2
17,2014-01-31,2706
17,2014-02-28,2785
17,2014-03-31,3628
17,2014-04-30,3565
17,2014-05-31,2921
17,2014-06-30,2860
17,2014-07-31,3294
17,2014-08-31,3437
17,2014-09-30,3179
17,2014-10-31,2851
17,2014-11-30,2220
17,2014-12-31,1529
17,2015-01-31,3356
17,2015-02-28,2279
17,2015-03-31,2851
17,2015-04-30,2690
17,2015-05-31,2211
17,2015-06-30,2825
17,2015-07-31,2362
17,2015-08-31,2406
17,2015-09-30,1706
17,2015-10-31,2214
17,2015-11-30,2065
17,2015-12-31,1726
17,2016-01-31,2231
17,2016-02-29,2135
17,2016-03-31,2363
17,2016-04-30,2130
17,2016-05-31,2025
17,2016-06-30,2037
17,2016-07-31,1690
17,2016-08-31,1911
17,2016-09-30,1838
17,2016-10-31,1936
17,2016-11-30,1610
17,2016-12-31,1495
17,2017-01-31,1934
17,2017-02-28,1820
17,2017-03-31,2034
17,2017-04-30,1811
17,2017-05-31,1825
17,2017-06-30,1228
17,2017-07-31,12
17,2017-08-31,3
17,2017-09-30,4
17,2017-10-31,6
17,2017-11-30,13
17,2017-12-31,7
18,2014-01-31,5844
18,2014-02-28,5462
18,2014-03-31,6586
18,2014-04-30,6439
18,2014-05-31,6552
18,2014-06-30,5556
18,2014-07-31,5881
18,2014-08-31,6181
18,2014-09-30,6342
18,2014-10-31,5646
18,2014-11-30,4662
18,2014-12-31,3541
18,2015-01-31,6278
18,2015-02-28,4724
18,2015-03-31,5018
18,2015-04-30,4700
18,2015-05-31,4838
18,2015-06-30,6719
18,2015-07-31,4472
18,2015-08-31,4769
18,2015-09-30,4314
18,2015-10-31,4792
18,2015-11-30,4402
18,2015-12-31,3870
18,2016-01-31,4988
18,2016-02-29,4361
18,2016-03-31,5090
18,2016-04-30,4676
18,2016-05-31,4680
18,2016-06-30,4401
18,2016-07-31,2837
18,2016-08-31,3866
18,2016-09-30,3836
18,2016-10-31,4078
18,2016-11-30,3794
18,2016-12-31,3157
18,2017-01-31,4336
18,2017-02-28,4592
18,2017-03-31,4732
18,2017-04-30,4284
18,2017-05-31,3520
18,2017-06-30,1663
18,2017-07-31,10
18,2017-08-31,5
18,2017-09-30,13
18,2017-10-31,3
18,2017-11-30,11
18,2017-12-31,6
19,2014-01-31,10688
19,2014-02-28,9153
19,2014-03-31,11573
19,2014-04-30,11425
19,2014-05-31,11278
19,2014-06-30,10472
19,2014-07-31,10093
19,2014-08-31,9728
19,2014-09-30,11753
19,2014-10-31,11672
19,2014-11-30,8707
19,2014-12-31,7707
19,2015-01-31,15999
19,2015-02-28,9680
19,2015-03-31,10831
19,2015-04-30,10775
19,2015-05-31,9953
19,2015-06-30,11586
19,2015-07-31,9293
19,2015-08-31,10025
19,2015-09-30,9953
19,2015-10-31,10282
19,2015-11-30,8601
19,2015-12-31,6257
19,2016-01-31,8469
19,2016-02-29,9062
19,2016-03-31,10327
19,2016-04-30,9880
19,2016-05-31,9221
19,2016-06-30,8014
19,2016-07-31,7448
19,2016-08-31,9907
19,2016-09-30,10277
19,2016-10-31,10205
19,2016-11-30,8235
19,2016-12-31,6859
19,2017-01-31,8565
19,2017-02-28,8363
19,2017-03-31,9217
19,2017-04-30,9711
19,2017-05-31,9670
19,2017-06-30,7243
19,2017-07-31,6
19,2017-08-31,4
19,2017-09-30,10
19,2017-10-31,9
19,2017-11-30,10
19,2017-12-31,12
20,2014-01-31,3504
20,2014-02-28,3054
20,2014-03-31,4170
20,2014-04-30,4600
20,2014-05-31,4563
20,2014-06-30,3882
20,2014-07-31,3794
20,2014-08-31,4144
20,2014-09-30,4345
20,2014-10-31,3989
20,2014-11-30,3441
20,2014-12-31,2885
20,2015-01-31,6094
20,2015-02-28,3452
20,2015-03-31,3493
20,2015-04-30,3530
20,2015-05-31,3676
20,2015-06-30,4536
20,2015-07-31,3475
20,2015-08-31,3743
20,2015-09-30,4062
20,2015-10-31,4348
20,2015-11-30,3524
20,2015-12-31,2211
20,2016-01-31,3143
20,2016-02-29,3448
20,2016-03-31,4091
20,2016-04-30,3703
20,2016-05-31,3303
20,2016-06-30,2662
20,2016-07-31,2466
20,2016-08-31,2682
20,2016-09-30,3287
20,2016-10-31,3058
20,2016-11-30,2338
20,2016-12-31,1891
20,2017-01-31,2379
20,2017-02-28,2409
20,2017-03-31,2514
20,2017-04-30,2753
20,2017-05-31,2789
20,2017-06-30,2349
20,2017-07-31,2
20,2017-08-31,5
20,2017-09-30,2
20,2017-10-31,4
20,2017-11-30,4
20,2017-12-31,3
21,2014-01-31,13
21,2014-02-28,9
21,2014-03-31,9
21,2014-04-30,5
21,2014-05-31,9
21,2014-06-30,10
21,2014-07-31,3
21,2014-08-31,5
21,2014-09-30,10
21,2014-10-31,11
21,2014-11-30,5
21,2014-12-31,4
21,2015-01-31,4
21,2015-02-28,6
21,2015-03-31,14
21,2015-04-30,3
21,2015-05-31,3
21,2015-06-30,3
21,2015-07-31,6
21,2015-08-31,7
21,2015-09-30,11
21,2015-10-31,7
21,2015-11-30,3
21,2015-12-31,6
21,2016-01-31,9
21,2016-02-29,6
21,2016-03-31,8
21,2016-04-30,3
21,2016-05-31,3
21,2016-06-30,4
21,2016-07-31,3
21,2016-08-31,2
21,2016-09-30,2
21,2016-10-31,1
21,2016-11-30,1
21,2016-12-31,2
21,2017-01-31,1
21,2017-02-28,3
21,2017-03-31,4
21,2017-04-30,5
21,2017-05-31,1
22,2014-01-31,63
22,2014-02-28,77
22,2014-03-31,54
22,2014-04-30,49
22,2014-05-31,42
22,2014-06-30,40
22,2014-07-31,53
22,2014-08-31,52
22,2014-09-30,46
22,2014-10-31,44
22,2014-11-30,65
22,2014-12-31,144
22,2015-01-31,101
22,2015-02-28,34
22,2015-03-31,26
22,2015-04-30,23
22,2015-05-31,38
22,2015-06-30,41
22,2015-07-31,31
22,2015-08-31,25
22,2015-09-30,19
22,2015-10-31,25
22,2015-11-30,28
22,2015-12-31,14
22,2016-01-31,18
22,2016-02-29,18
22,2016-03-31,12
22,2016-04-30,17
22,2016-05-31,6
22,2016-06-30,8
22,2016-07-31,15
22,2016-08-31,16
22,2016-09-30,30
22,2016-10-31,12
22,2016-11-30,15
22,2016-12-31,9
22,2017-01-31,5
22,2017-02-28,8
22,2017-03-31,8
22,2017-04-30,9
22,2017-05-31,29
22,2017-06-30,1
22,2017-08-31,1
23,2014-01-31,1839
23,2014-02-28,1701
23,2014-03-31,2074
23,2014-04-30,2040
23,2014-05-31,2056
23,2014-06-30,1895
23,2014-07-31,1852
23,2014-08-31,1745
23,2014-09-30,2089
23,2014-10-31,1913
23,2014-11-30,1518
23,2014-12-31,1665
23,2015-01-31,2705
23,2015-02-28,1874
23,2015-03-31,2373
23,2015-04-30,2214
23,2015-05-31,2143
23,2015-06-30,3039
23,2015-07-31,1830
23,2015-08-31,1884
23,2015-09-30,1800
23,2015-10-31,1814
23,2015-11-30,1673
23,2015-12-31,1623
23,2016-01-31,1497
23,2016-02-29,1864
23,2016-03-31,2199
23,2016-04-30,2112
23,2016-05-31,1832
23,2016-06-30,1809
23,2016-07-31,1921
23,2016-08-31,1995
23,2016-09-30,2023
23,2016-10-31,1915
23,2016-11-30,1752
23,2016-12-31,1601
23,2017-01-31,1729
23,2017-02-28,1902
23,2017-03-31,1916
23,2017-04-30,2085
23,2017-05-31,2233
23,2017-06-30,1060
23,2017-07-31,7
23,2017-08-31,10
23,2017-09-30,7
23,2017-10-31,1
23,2017-11-30,2
23,2017-12-31,9
24,2014-01-31,2769
24,2014-02-28,2320
24,2014-03-31,3214
24,2014-04-30,3264
24,2014-05-31,3223
24,2014-06-30,3154
24,2014-07-31,3135
24,2014-08-31,3048
24,2014-09-30,3286
24,2014-10-31,3587
24,2014-11-30,3254
24,2014-12-31,3036
24,2015-01-31,3517
24,2015-02-28,2414
24,2015-03-31,2894
24,2015-04-30,2785
24,2015-05-31,3057
24,2015-06-30,3945
24,2015-07-31,2731
24,2015-08-31,2882
24,2015-09-30,3011
24,2015-10-31,3421
24,2015-11-30,2557
24,2015-12-31,1895
24,2016-01-31,2581
24,2016-02-29,2981
24,2016-03-31,3261
24,2016-04-30,2760
24,2016-05-31,2442
24,2016-06-30,2604
24,2016-07-31,1532
24,2016-08-31,2155
24,2016-09-30,2191
24,2016-10-31,2251
24,2016-11-30,2062
24,2016-12-31,1509
24,2017-01-31,1676
24,2017-02-28,1445
24,2017-03-31,1600
24,2017-04-30,1632
24,2017-05-31,1664
24,2017-06-30,1207
24,2017-07-31,12
24,2017-09-30,3
24,2017-10-31,5
24,2017-11-30,4
24,2017-12-31,3
25,2014-01-31,1347
25,2014-02-28,1320
25,2014-03-31,1623
25,2014-04-30,1688
25,2014-05-31,1624
25,2014-06-30,1637
25,2014-07-31,1551
25,2014-08-31,1996
25,2014-09-30,2186
25,2014-10-31,1747
25,2014-11-30,1717
25,2014-12-31,1486
25,2015-01-31,1854
25,2015-02-28,1438
25,2015-03-31,1772
25,2015-04-30,1661
25,2015-05-31,1686
25,2015-06-30,2466
25,2015-07-31,1793
25,2015-08-31,1619
25,2015-09-30,1858
25,2015-10-31,1605
25,2015-11-30,1115
25,2015-12-31,1041
25,2016-01-31,1237
25,2016-02-29,1172
25,2016-03-31,1236
25,2016-04-30,1522
25,2016-05-31,1156
25,2016-06-30,1087
25,2016-07-31,1252
25,2016-08-31,1383
25,2016-09-30,1477
25,2016-10-31,1482
25,2016-11-30,1370
25,2016-12-31,1031
25,2017-01-31,1227
25,2017-02-28,1213
25,2017-03-31,1218
25,2017-04-30,1742
25,2017-05-31,1491
25,2017-06-30,794
25,2017-07-31,1
25,2017-08-31,2
25,2017-09-30,10
25,2017-10-31,4
25,2017-11-30,5
25,2017-12-31,12
26,2014-01-31,1084
26,2014-02-28,987
26,2014-03-31,1120
26,2014-04-30,1238
26,2014-05-31,1438
26,2014-06-30,1257
26,2014-07-31,1275
26,2014-08-31,1299
26,2014-09-30,1416
26,2014-10-31,1320
26,2014-11-30,992
26,2014-12-31,863
26,2015-01-31,1139
26,2015-02-28,755
26,2015-03-31,895
26,2015-04-30,1036
26,2015-05-31,954
26,2015-06-30,1320
26,2015-07-31,1144
26,2015-08-31,1215
26,2015-09-30,803
26,2015-10-31,1210
26,2015-11-30,799
26,2015-12-31,1043
26,2016-01-31,750
26,2016-02-29,1163
26,2016-03-31,1256
26,2016-04-30,977
26,2016-05-31,871
26,2016-06-30,827
26,2016-07-31,858
26,2016-08-31,1131
26,2016-09-30,893
26,2016-10-31,1055
26,2016-11-30,1022
26,2016-12-31,890
26,2017-01-31,1087
26,2017-02-28,1018
26,2017-03-31,981
26,2017-04-30,1009
26,2017-05-31,918
26,2017-06-30,337
26,2017-07-31,7
26,2017-08-31,1
26,2017-09-30,1
26,2017-10-31,1
26,2017-11-30,4
26,2017-12-31,2
27,2014-01-31,143
27,2014-02-28,88
27,2014-03-31,123
27,2014-04-30,114
27,2014-05-31,75
27,2014-06-30,203
27,2014-07-31,119
27,2014-08-31,90
27,2014-09-30,138
27,2014-10-31,115
27,2014-11-30,109
27,2014-12-31,24
27,2015-01-31,184
27,2015-02-28,152
27,2015-03-31,74
27,2015-04-30,63
27,2015-05-31,66
27,2015-06-30,239
27,2015-07-31,127
27,2015-08-31,124
27,2015-09-30,138
27,2015-10-31,62
27,2015-11-30,9
27,2015-12-31,84
27,2016-01-31,94
27,2016-02-29,70
27,2016-03-31,152
27,2016-04-30,285
27,2016-05-31,205
27,2016-06-30,127
27,2016-07-31,48
27,2016-08-31,21
27,2016-09-30,53
27,2016-10-31,53
27,2016-11-30,53
27,2016-12-31,52
27,2017-01-31,66
27,2017-02-28,2
27,2017-03-31,14
27,2017-04-30,3
27,2017-05-31,4
27,2017-06-30,2
27,2017-07-31,1
27,2017-10-31,1
27,2017-12-31,1
28,2014-01-31,1574
28,2014-02-28,1514
28,2014-03-31,1805
28,2014-04-30,1684
28,2014-05-31,1764
28,2014-06-30,1891
28,2014-07-31,1715
28,2014-08-31,2379
28,2014-09-30,2341
28,2014-10-31,2216
28,2014-11-30,1812
28,2014-12-31,1491
28,2015-01-31,1623
28,2015-02-28,1532
28,2015-03-31,1523
28,2015-04-30,1495
28,2015-05-31,1443
28,2015-06-30,1992
28,2015-07-31,1353
28,2015-08-31,1483
28,2015-09-30,1395
28,2015-10-31,1563
28,2015-11-30,1315
28,2015-12-31,1274
28,2016-01-31,1261
28,2016-02-29,1203
28,2016-03-31,1338
28,2016-04-30,1337
28,2016-05-31,1143
28,2016-06-30,944
28,2016-07-31,893
28,2016-08-31,1063
28,2016-09-30,990
28,2016-10-31,1128
28,2016-11-30,1154
28,2016-12-31,985
28,2017-01-31,947
28,2017-02-28,871
28,2017-03-31,800
28,2017-04-30,797
28,2017-05-31,925
28,2017-06-30,653
28,2017-07-31,3
28,2017-08-31,3
28,2017-09-30,6
28,2017-10-31,4
28,2017-11-30,3
28,2017-12-31,3
29,2014-01-31,8
29,2014-02-28,5
29,2014-03-31,11
29,2014-04-30,9
29,2014-05-31,7
29,2014-06-30,9
29,2014-07-31,5
29,2014-08-31,11
29,2014-09-30,15
29,2014-10-31,7
29,2014-11-30,10
29,2014-12-31,17
29,2015-01-31,2
29,2015-02-28,5
29,2015-03-31,11
29,2015-04-30,7
29,2015-05-31,4
29,2015-06-30,10
29,2015-07-31,13
29,2015-08-31,5
29,2015-09-30,6
29,2015-10-31,9
29,2015-11-30,7
29,2015-12-31,22
29,2016-01-31,10
29,2016-02-29,4
29,2016-03-31,4
29,2016-04-30,4
29,2016-05-31,4
29,2016-06-30,5
29,2016-07-31,4
29,2016-08-31,5
29,2016-09-30,4
29,2016-10-31,1
29,2016-11-30,5
29,2016-12-31,2
29,2017-01-31,5
29,2017-02-28,7
29,2017-03-31,3
29,2017-04-30,2
29,2017-07-31,1
30,2014-01-31,1357
30,2014-02-28,1149
30,2014-03-31,1213
30,2014-04-30,977
30,2014-05-31,1405
30,2014-06-30,1313
30,2014-07-31,1151
30,2014-08-31,1182
30,2014-09-30,1839
30,2014-10-31,1770
30,2014-11-30,1440
30,2014-12-31,1231
30,2015-01-31,1769
30,2015-02-28,1131
30,2015-03-31,1161
30,2015-04-30,1194
30,2015-05-31,1021
30,2015-06-30,1610
30,2015-07-31,1369
30,2015-08-31,1338
30,2015-09-30,1448
30,2015-10-31,1369
30,2015-11-30,1257
30,2015-12-31,1298
30,2016-01-31,1005
30,2016-02-29,1110
30,2016-03-31,1205
30,2016-04-30,1054
30,2016-05-31,851
30,2016-06-30,849
30,2016-07-31,887
30,2016-08-31,971
30,2016-09-30,974
30,2016-10-31,827
30,2016-11-30,674
30,2016-12-31,717
30,2017-01-31,768
30,2017-02-28,703
30,2017-03-31,951
30,2017-04-30,1171
30,2017-05-31,1315
30,2017-06-30,295
30,2017-07-31,6
30,2017-08-31,5
30,2017-09-30,3
30,2017-10-31,2
30,2017-11-30,6
30,2017-12-31,9
31,2014-01-31,5
31,2014-02-28,7
31,2014-03-31,1
31,2014-04-30,6
31,2014-05-31,2
31,2014-06-30,2
31,2014-07-31,7
31,2014-08-31,1
31,2014-09-30,2
31,2014-10-31,3
31,2014-11-30,3
31,2014-12-31,3
31,2015-01-31,3
31,2015-02-28,5
31,2015-03-31,2
31,2015-04-30,3
31,2015-05-31,2
31,2015-06-30,6
31,2015-07-31,5
31,2015-08-31,5
31,2015-09-30,2
31,2015-10-31,1
31,2015-11-30,3
31,2015-12-31,3
31,2016-01-31,2
31,2016-02-29,2
31,2016-03-31,4
31,2016-04-30,3
31,2016-06-30,3
31,2016-07-31,3
31,2016-08-31,1
31,2016-09-30,1
31,2016-10-31,1
31,2017-01-31,1
31,2017-02-28,1
31,2017-03-31,2
31,2017-04-30,1
31,2017-05-31,1
32,2014-01-31,1525
32,2014-02-28,1523
32,2014-03-31,1586
32,2014-04-30,1500
32,2014-05-31,1549
32,2014-06-30,1283
32,2014-07-31,1282
32,2014-08-31,1799
32,2014-09-30,1989
32,2014-10-31,1631
32,2014-11-30,1756
32,2014-12-31,1053
32,2015-01-31,1940
32,2015-02-28,1327
32,2015-03-31,1642
32,2015-04-30,1375
32,2015-05-31,1281
32,2015-06-30,2150
32,2015-07-31,907
32,2015-08-31,1110
32,2015-09-30,1012
32,2015-10-31,1468
32,2015-11-30,1128
32,2015-12-31,1182
32,2016-01-31,1315
32,2016-02-29,1224
32,2016-03-31,1384
32,2016-04-30,1253
32,2016-05-31,992
32,2016-06-30,867
32,2016-07-31,1132
32,2016-08-31,1236
32,2016-09-30,1142
32,2016-10-31,1118
32,2016-11-30,1109
32,2016-12-31,882
32,2017-01-31,948
32,2017-02-28,937
32,2017-03-31,865
32,2017-04-30,805
32,2017-05-31,1025
32,2017-06-30,217
32,2017-07-31,6
32,2017-08-31,1
32,2017-09-30,6
32,2017-10-31,6
32,2017-11-30,6
32,2017-12-31,5
33,2014-01-31,2203
33,2014-02-28,2231
33,2014-03-31,2563
33,2014-04-30,2527
33,2014-05-31,2683
33,2014-06-30,2143
33,2014-07-31,2081
33,2014-08-31,2290
33,2014-09-30,2130
33,2014-10-31,1940
33,2014-11-30,1731
33,2014-12-31,2029
33,2015-01-31,2750
33,2015-02-28,1911
33,2015-03-31,2300
33,2015-04-30,1797
33,2015-05-31,1965
33,2015-06-30,2883
33,2015-07-31,1967
33,2015-08-31,2204
33,2015-09-30,2184
33,2015-10-31,2239
33,2015-11-30,1847
33,2015-12-31,1908
33,2016-01-31,1990
33,2016-02-29,1842
33,2016-03-31,2331
33,2016-04-30,2089
33,2016-05-31,1749
33,2016-06-30,1549
33,2016-07-31,1419
33,2016-08-31,2053
33,2016-09-30,1935
33,2016-10-31,2086
33,2016-11-30,1882
33,2016-12-31,1669
33,2017-01-31,2129
33,2017-02-28,1993
33,2017-03-31,2219
33,2017-04-30,2178
33,2017-05-31,2379
33,2017-06-30,964
33,2017-07-31,4
33,2017-08-31,10
33,2017-09-30,13
33,2017-10-31,6
33,2017-11-30,3
33,2017-12-31,11
34,2014-01-31,2270
34,2014-02-28,2142
34,2014-03-31,2692
34,2014-04-30,2429
34,2014-05-31,2665
34,2014-06-30,2637
34,2014-07-31,2466
34,2014-08-31,3444
34,2014-09-30,3662
34,2014-10-31,2702
34,2014-11-30,2292
34,2014-12-31,3085
34,2015-01-31,3520
34,2015-02-28,2402
34,2015-03-31,2890
34,2015-04-30,2800
34,2015-05-31,2639
34,2015-06-30,3815
34,2015-07-31,2602
34,2015-08-31,2453
34,2015-09-30,2597
34,2015-10-31,2703
34,2015-11-30,2480
34,2015-12-31,1906
34,2016-01-31,2432
34,2016-02-29,2670
34,2016-03-31,3021
34,2016-04-30,2548
34,2016-05-31,2254
34,2016-06-30,1990
34,2016-07-31,2416
34,2016-08-31,2657
34,2016-09-30,2535
34,2016-10-31,2524
34,2016-11-30,2596
34,2016-12-31,2009
34,2017-01-31,2344
34,2017-02-28,2278
34,2017-03-31,2628
34,2017-04-30,2606
34,2017-05-31,3070
34,2017-06-30,961
34,2017-07-31,9
34,2017-08-31,5
34,2017-09-30,10
34,2017-10-31,7
34,2017-11-30,9
34,2017-12-31,9
35,2014-01-31,3
35,2014-02-28,2
35,2014-03-31,2
35,2014-04-30,1
35,2014-05-31,3
35,2014-06-30,6
35,2014-07-31,3
35,2014-08-31,5
35,2014-09-30,6
35,2014-10-31,1
35,2014-11-30,6
35,2015-01-31,1
35,2015-02-28,4
35,2015-03-31,1
35,2015-04-30,1
35,2015-05-31,6
35,2015-06-30,12
35,2015-07-31,2
35,2015-08-31,5
35,2015-09-30,1
35,2015-10-31,2
35,2015-11-30,2
35,2015-12-31,2
35,2016-01-31,4
35,2016-02-29,3
35,2016-03-31,5
35,2016-04-30,3
35,2016-05-31,1
35,2016-06-30,3
35,2016-08-31,4
35,2016-09-30,1
35,2016-10-31,2
35,2016-11-30,2
35,2016-12-31,3
35,2017-01-31,1
35,2017-02-28,2
35,2017-03-31,1
35,2017-04-30,2
35,2017-05-31,5
35,2017-09-30,1
36,2014-01-31,8
36,2014-02-28,8
36,2014-03-31,5
36,2014-04-30,3
36,2014-05-31,3
36,2014-06-30,5
36,2014-07-31,6
36,2014-08-31,8
36,2014-09-30,5
36,2014-10-31,20
36,2014-11-30,4
36,2014-12-31,16
36,2015-01-31,5
36,2015-02-28,1
36,2015-03-31,5
36,2015-04-30,8
36,2015-05-31,2
36,2015-06-30,24
36,2015-07-31,4
36,2015-08-31,3
36,2015-09-30,2
36,2015-10-31,7
36,2015-11-30,4
36,2015-12-31,2
36,2016-01-31,7
36,2016-02-29,2
36,2016-03-31,5
36,2016-04-30,6
36,2016-05-31,5
36,2016-06-30,4
36,2016-07-31,2
36,2016-08-31,12
36,2016-09-30,5
36,2016-10-31,5
36,2016-11-30,3
36,2016-12-31,2
36,2017-01-31,1
36,2017-02-28,3
36,2017-04-30,2
36,2017-05-31,3
36,2017-06-30,5
36,2017-08-31,1
37,2014-01-31,14
37,2014-02-28,14
37,2014-03-31,4
37,2014-04-30,6
37,2014-05-31,9
37,2014-06-30,6
37,2014-07-31,7
37,2014-08-31,6
37,2014-09-30,11
37,2014-10-31,5
37,2014-11-30,4
37,2014-12-31,8
37,2015-01-31,5
37,2015-02-28,2
37,2015-03-31,8
37,2015-04-30,4
37,2015-05-31,6
37,2015-06-30,12
37,2015-07-31,5
37,2015-08-31,9
37,2015-09-30,4
37,2015-10-31,3
37,2015-11-30,4
37,2015-12-31,7
37,2016-01-31,3
37,2016-02-29,4
37,2016-03-31,4
37,2016-04-30,2
37,2016-05-31,1
37,2016-06-30,2
37,2016-07-31,4
37,2016-08-31,1
37,2016-09-30,5
37,2016-10-31,2
37,2016-11-30,4
37,2016-12-31,4
37,2017-01-31,3
37,2017-02-28,4
37,2017-03-31,3
37,2017-04-30,4
37,2017-05-31,6
38,2014-01-31,1
38,2014-02-28,6
38,2014-03-31,3
38,2014-05-31,3
38,2014-06-30,3
38,2014-07-31,2
38,2014-08-31,1
38,2014-09-30,4
38,2014-10-31,2
38,2014-11-30,4
38,2015-01-31,1
38,2015-05-31,3
38,2015-09-30,1
38,2015-10-31,4
38,2015-11-30,5
38,2015-12-31,1
38,2016-01-31,2
38,2016-04-30,2
38,2016-06-30,3
38,2016-07-31,1
38,2016-09-30,2
38,2016-10-31,1
38,2016-11-30,2
38,2016-12-31,2
38,2017-01-31,1
38,2017-02-28,2
38,2017-03-31,1
38,2017-05-31,1
39,2014-01-31,4
39,2014-02-28,3
39,2014-03-31,3
39,2014-04-30,1
39,2014-05-31,5
39,2014-06-30,6
39,2014-07-31,5
39,2014-08-31,6
39,2014-09-30,3
39,2014-11-30,3
39,2014-12-31,17
39,2015-01-31,10
39,2015-02-28,1
39,2015-03-31,4
39,2015-04-30,2
39,2015-05-31,7
39,2015-06-30,3
39,2015-07-31,1
39,2015-08-31,1
39,2015-09-30,9
39,2015-10-31,3
39,2015-11-30,2
39,2015-12-31,4
39,2016-01-31,5
39,2016-02-29,6
39,2016-03-31,4
39,2016-04-30,3
39,2016-05-31,2
39,2016-06-30,2
39,2016-07-31,1
39,2016-08-31,4
39,2016-09-30,5
39,2016-10-31,4
39,2016-11-30,2
39,2016-12-31,3
39,2017-01-31,4
39,2017-02-28,2
39,2017-03-31,3
39,2017-04-30,2
39,2017-05-31,2
40,2014-01-31,1998
40,2014-02-28,1791
40,2014-03-31,2404
40,2014-04-30,2098
40,2014-05-31,2139
40,2014-06-30,1840
40,2014-07-31,1743
40,2014-08-31,2133
40,2014-09-30,2399
40,2014-10-31,2095
40,2014-11-30,1638
40,2014-12-31,1697
40,2015-01-31,3015
40,2015-02-28,1675
40,2015-03-31,1907
40,2015-04-30,1996
40,2015-05-31,2316
40,2015-06-30,2815
40,2015-07-31,2039
40,2015-08-31,2362
40,2015-09-30,2111
40,2015-10-31,2301
40,2015-11-30,2192
40,2015-12-31,1618
40,2016-01-31,1867
40,2016-02-29,1806
40,2016-03-31,1594
40,2016-04-30,1463
40,2016-05-31,1108
40,2016-06-30,1499
40,2016-07-31,1823
40,2016-08-31,2141
40,2016-09-30,2030
40,2016-10-31,2032
40,2016-11-30,1991
40,2016-12-31,2109
40,2017-01-31,2027
40,2017-02-28,2401
40,2017-03-31,2497
40,2017-04-30,2356
40,2017-05-31,2274
40,2017-06-30,1450
40,2017-07-31,2
40,2017-08-31,4
40,2017-09-30,7
40,2017-10-31,6
40,2017-11-30,3
40,2017-12-31,4
41,2014-01-31,1172
41,2014-02-28,1066
41,2014-03-31,1337
41,2014-04-30,1081
41,2014-05-31,1087
41,2014-06-30,880
41,2014-07-31,831
41,2014-08-31,1136
41,2014-09-30,1350
41,2014-10-31,955
41,2014-11-30,850
41,2014-12-31,1048
41,2015-01-31,1595
41,2015-02-28,707
41,2015-03-31,934
41,2015-04-30,794
41,2015-05-31,774
41,2015-06-30,1150
41,2015-07-31,921
41,2015-08-31,1009
41,2015-09-30,1351
41,2015-10-31,1283
41,2015-11-30,1408
41,2015-12-31,1324
41,2016-01-31,1085
41,2016-02-29,1410
41,2016-03-31,1389
41,2016-04-30,1199
41,2016-05-31,1158
41,2016-06-30,1017
41,2016-07-31,907
41,2016-08-31,1031
41,2016-09-30,1547
41,2016-10-31,1357
41,2016-11-30,1404
41,2016-12-31,1744
41,2017-01-31,1626
41,2017-02-28,1560
41,2017-03-31,1316
41,2017-04-30,1143
41,2017-05-31,1133
41,2017-06-30,772
41,2017-07-31,8
41,2017-08-31,4
41,2017-09-30,7
41,2017-10-31,3
41,2017-11-30,5
41,2017-12-31,4
42,2014-01-31,788
42,2014-02-28,928
42,2014-03-31,994
42,2014-04-30,628
42,2014-05-31,855
42,2014-06-30,651
42,2014-07-31,891
42,2014-08-31,1280
42,2014-09-30,1665
42,2014-10-31,1128
42,2014-11-30,1042
42,2014-12-31,1087
42,2015-01-31,1389
42,2015-02-28,1099
42,2015-03-31,1102
42,2015-04-30,1113
42,2015-05-31,1010
42,2015-06-30,1396
42,2015-07-31,1104
42,2015-08-31,1299
42,2015-09-30,1050
42,2015-10-31,1102
42,2015-11-30,1254
42,2015-12-31,1312
42,2016-01-31,1213
42,2016-02-29,1368
42,2016-03-31,1289
42,2016-04-30,1355
42,2016-05-31,801
42,2016-06-30,852
42,2016-07-31,1230
42,2016-08-31,1334
42,2016-09-30,1177
42,2016-10-31,1162
42,2016-11-30,1250
42,2016-12-31,1392
42,2017-01-31,1295
42,2017-02-28,1390
42,2017-03-31,1387
42,2017-04-30,1084
42,2017-05-31,1264
42,2017-06-30,696
42,2017-07-31,4
42,2017-08-31,6
42,2017-09-30,4
42,2017-10-31,8
42,2017-11-30,2
42,2017-12-31,3
43,2014-01-31,2283
43,2014-02-28,1974
43,2014-03-31,2443
43,2014-04-30,2229
43,2014-05-31,2290
43,2014-06-30,1973
43,2014-07-31,2130
43,2014-08-31,2172
43,2014-09-30,2483
43,2014-10-31,2379
43,2014-11-30,2335
43,2014-12-31,3154
43,2015-01-31,3238
43,2015-02-28,2006
43,2015-03-31,2914
43,2015-04-30,2241
43,2015-05-31,2479
43,2015-06-30,3297
43,2015-07-31,2252
43,2015-08-31,2113
43,2015-09-30,2081
43,2015-10-31,2354
43,2015-11-30,2176
43,2015-12-31,2236
43,2016-01-31,2269
43,2016-02-29,2555
43,2016-03-31,2494
43,2016-04-30,2379
43,2016-05-31,1687
43,2016-06-30,1665
43,2016-07-31,2229
43,2016-08-31,2571
43,2016-09-30,2431
43,2016-10-31,2416
43,2016-11-30,2042
43,2016-12-31,2269
43,2017-01-31,2218
43,2017-02-28,2018
43,2017-03-31,2047
43,2017-04-30,2041
43,2017-05-31,2100
43,2017-06-30,1395
43,2017-07-31,6
43,2017-08-31,4
43,2017-09-30,9
43,2017-10-31,9
43,2017-11-30,10
43,2017-12-31,5
44,2014-01-31,1861
44,2014-02-28,1795
44,2014-03-31,2083
44,2014-04-30,2007
44,2014-05-31,1975
44,2014-06-30,1893
44,2014-07-31,1827
44,2014-08-31,2176
44,2014-09-30,2458
44,2014-10-31,1578
44,2014-11-30,1416
44,2014-12-31,2127
44,2015-01-31,2105
44,2015-02-28,1267
44,2015-03-31,1902
44,2015-04-30,1897
44,2015-05-31,1872
44,2015-06-30,2806
44,2015-07-31,1928
44,2015-08-31,2164
44,2015-09-30,2012
44,2015-10-31,1909
44,2015-11-30,1598
44,2015-12-31,1378
44,2016-01-31,1495
44,2016-02-29,1707
44,2016-03-31,1838
44,2016-04-30,1986
44,2016-05-31,1273
44,2016-06-30,1471
44,2016-07-31,1908
44,2016-08-31,2208
44,2016-09-30,2317
44,2016-10-31,2574
44,2016-11-30,1937
44,2016-12-31,1889
44,2017-01-31,1845
44,2017-02-28,1651
44,2017-03-31,2199
44,2017-04-30,2132
44,2017-05-31,2255
44,2017-06-30,1309
44,2017-07-31,11
44,2017-08-31,4
44,2017-09-30,2
44,2017-10-31,9
44,2017-11-30,12
44,2017-12-31,7
45,2014-01-31,1672
45,2014-02-28,1560
45,2014-03-31,1856
45,2014-04-30,1874
45,2014-05-31,1993
45,2014-06-30,1847
45,2014-07-31,1917
45,2014-08-31,2200
45,2014-09-30,1950
45,2014-10-31,1663
45,2014-11-30,1432
45,2014-12-31,1387
45,2015-01-31,1683
45,2015-02-28,1187
45,2015-03-31,1273
45,2015-04-30,1166
45,2015-05-31,1366
45,2015-06-30,2029
45,2015-07-31,1616
45,2015-08-31,1496
45,2015-09-30,1363
45,2015-10-31,1363
45,2015-11-30,970
45,2015-12-31,1299
45,2016-01-31,1108
45,2016-02-29,1075
45,2016-03-31,1399
45,2016-04-30,1188
45,2016-05-31,974
45,2016-06-30,976
45,2016-07-31,1179
45,2016-08-31,1370
45,2016-09-30,1107
45,2016-10-31,1106
45,2016-11-30,996
45,2016-12-31,1095
45,2017-01-31,1173
45,2017-02-28,1064
45,2017-03-31,1120
45,2017-04-30,1039
45,2017-05-31,1049
45,2017-06-30,826
45,2017-07-31,11
45,2017-08-31,4
45,2017-09-30,2
45,2017-10-31,2
45,2017-11-30,1
45,2017-12-31,3
46,2014-01-31,2418
46,2014-02-28,2041
46,2014-03-31,2666
46,2014-04-30,2697
46,2014-05-31,2333
46,2014-06-30,2480
46,2014-07-31,2540
46,2014-08-31,2816
46,2014-09-30,3288
46,2014-10-31,2352
46,2014-11-30,2102
46,2014-12-31,2905
46,2015-01-31,3781
46,2015-02-28,2106
46,2015-03-31,2588
46,2015-04-30,2470
46,2015-05-31,2261
46,2015-06-30,3434
46,2015-07-31,2419
46,2015-08-31,2706
46,2015-09-30,2514
46,2015-10-31,2682
46,2015-11-30,2357
46,2015-12-31,2142
46,2016-01-31,2292
46,2016-02-29,2688
46,2016-03-31,3079
46,2016-04-30,3208
46,2016-05-31,2134
46,2016-06-30,1508
46,2016-07-31,1820
46,2016-08-31,2252
46,2016-09-30,2339
46,2016-10-31,2042
46,2016-11-30,2015
46,2016-12-31,2053
46,2017-01-31,1930
46,2017-02-28,1734
46,2017-03-31,2227
46,2017-04-30,2072
46,2017-05-31,1977
46,2017-06-30,1471
46,2017-07-31,5
46,2017-08-31,3
46,2017-09-30,3
46,2017-10-31,5
46,2017-11-30,8
46,2017-12-31,7
47,2014-01-31,2063
47,2014-02-28,2141
47,2014-03-31,2346
47,2014-04-30,1982
47,2014-05-31,1885
47,2014-06-30,1855
47,2014-07-31,2434
47,2014-08-31,3466
47,2014-09-30,2678
47,2014-10-31,2283
47,2014-11-30,2002
47,2014-12-31,1891
47,2015-01-31,2294
47,2015-02-28,1784
47,2015-03-31,2200
47,2015-04-30,1874
47,2015-05-31,1988
47,2015-06-30,3202
47,2015-07-31,2254
47,2015-08-31,2542
47,2015-09-30,2034
47,2015-10-31,1923
47,2015-11-30,1711
47,2015-12-31,2106
47,2016-01-31,2251
47,2016-02-29,2291
47,2016-03-31,2448
47,2016-04-30,2296
47,2016-05-31,1598
47,2016-06-30,1536
47,2016-07-31,1751
47,2016-08-31,2051
47,2016-09-30,1907
47,2016-10-31,1915
47,2016-11-30,2018
47,2016-12-31,2055
47,2017-01-31,1728
47,2017-02-28,1643
47,2017-03-31,1865
47,2017-04-30,1382
47,2017-05-31,1731
47,2017-06-30,1101
47,2017-07-31,6
47,2017-08-31,9
47,2017-09-30,4
47,2017-10-31,7
47,2017-11-30,6
47,2017-12-31,9
48,2014-01-31,1278
48,2014-02-28,1229
48,2014-03-31,1521
48,2014-04-30,1354
48,2014-05-31,1560
48,2014-06-30,1355
48,2014-07-31,1348
48,2014-08-31,1398
48,2014-09-30,1709
48,2014-10-31,1499
48,2014-11-30,1475
48,2014-12-31,1747
48,2015-01-31,2347
48,2015-02-28,1154
48,2015-03-31,1301
48,2015-04-30,1367
48,2015-05-31,1291
48,2015-06-30,1610
48,2015-07-31,1366
48,2015-08-31,1429
48,2015-09-30,1500
48,2015-10-31,1398
48,2015-11-30,1237
48,2015-12-31,1200
48,2016-01-31,1068
48,2016-02-29,1414
48,2016-03-31,1434
48,2016-04-30,1463
48,2016-05-31,1295
48,2016-06-30,833
48,2016-07-31,1134
48,2016-08-31,1595
48,2016-09-30,1821
48,2016-10-31,1768
48,2016-11-30,1524
48,2016-12-31,1561
48,2017-01-31,1564
48,2017-02-28,1373
48,2017-03-31,1695
48,2017-04-30,1276
48,2017-05-31,1438
48,2017-06-30,811
48,2017-07-31,3
48,2017-08-31,5
48,2017-09-30,2
48,2017-12-31,6
49,2014-01-31,2287
49,2014-02-28,1975
49,2014-03-31,2534
49,2014-04-30,2275
49,2014-05-31,2351
49,2014-06-30,2305
49,2014-07-31,2186
49,2014-08-31,2617
49,2014-09-30,2730
49,2014-10-31,2206
49,2014-11-30,2001
49,2014-12-31,2332
49,2015-01-31,2691
49,2015-02-28,1570
49,2015-03-31,2024
49,2015-04-30,2086
49,2015-05-31,2307
49,2015-06-30,3534
49,2015-07-31,2237
49,2015-08-31,2444
49,2015-09-30,1980
49,2015-10-31,1744
49,2015-11-30,1757
49,2015-12-31,2094
49,2016-01-31,1567
49,2016-02-29,1758
49,2016-03-31,1970
49,2016-04-30,1741
49,2016-05-31,1618
49,2016-06-30,1443
49,2016-07-31,1874
49,2016-08-31,2334
49,2016-09-30,2093
49,2016-10-31,2093
49,2016-11-30,1751
49,2016-12-31,1722
49,2017-01-31,1327
49,2017-02-28,1594
49,2017-03-31,1599
49,2017-04-30,1603
49,2017-05-31,1809
49,2017-06-30,1226
49,2017-07-31,4
49,2017-08-31,10
49,2017-09-30,6
49,2017-10-31,4
49,2017-11-30,2
49,2017-12-31,11
50,2014-01-31,1642
50,2014-02-28,1615
50,2014-03-31,1802
50,2014-04-30,1572
50,2014-05-31,1607
50,2014-06-30,1557
50,2014-07-31,1474
50,2014-08-31,1609
50,2014-09-30,1715
50,2014-10-31,1498
50,2014-11-30,1347
50,2014-12-31,1374
50,2015-01-31,1451
50,2015-02-28,1039
50,2015-03-31,1142
50,2015-04-30,1141
50,2015-05-31,1260
50,2015-06-30,1613
50,2015-07-31,1188
50,2015-08-31,1206
50,2015-09-30,1249
50,2015-10-31,1260
50,2015-11-30,1256
50,2015-12-31,1244
50,2016-01-31,1224
50,2016-02-29,1358
50,2016-03-31,1347
50,2016-04-30,1192
50,2016-05-31,1035
50,2016-06-30,924
50,2016-07-31,997
50,2016-08-31,1151
50,2016-09-30,1228
50,2016-10-31,1274
50,2016-11-30,1298
50,2016-12-31,1040
50,2017-01-31,1044
50,2017-02-28,1097
50,2017-03-31,1132
50,2017-04-30,1018
50,2017-05-31,1109
50,2017-06-30,779
50,2017-07-31,4
50,2017-08-31,4
50,2017-09-30,1
50,2017-10-31,3
50,2017-11-30,3
50,2017-12-31,5
51,2014-01-31,4
51,2014-02-28,2
51,2014-03-31,1
51,2014-04-30,2
51,2014-06-30,3
51,2014-07-31,1
51,2014-08-31,1
51,2014-10-31,2
51,2014-11-30,4
51,2015-01-31,6
51,2015-02-28,1
51,2015-03-31,1
51,2015-04-30,2
51,2015-05-31,1
51,2015-06-30,2
51,2015-07-31,2
51,2015-08-31,2
51,2015-09-30,1
51,2015-10-31,3
51,2015-11-30,1
51,2015-12-31,2
51,2016-02-29,1
51,2016-05-31,2
51,2016-07-31,2
51,2016-08-31,2
51,2016-09-30,3
51,2016-11-30,1
51,2016-12-31,2
51,2017-04-30,2
52,2014-01-31,3141
52,2014-02-28,3334
52,2014-03-31,3798
52,2014-04-30,3317
52,2014-05-31,3172
52,2014-06-30,2988
52,2014-07-31,3062
52,2014-08-31,3558
52,2014-09-30,4426
52,2014-10-31,4051
52,2014-11-30,2980
52,2014-12-31,2593
52,2015-01-31,4335
52,2015-02-28,2843
52,2015-03-31,3202
52,2015-04-30,3067
52,2015-05-31,3191
52,2015-06-30,4086
52,2015-07-31,3179
52,2015-08-31,3367
52,2015-09-30,3230
52,2015-10-31,3443
52,2015-11-30,2759
52,2015-12-31,2426
52,2016-01-31,2649
52,2016-02-29,2990
52,2016-03-31,3187
52,2016-04-30,2931
52,2016-05-31,2275
52,2016-06-30,1702
52,2016-07-31,2042
52,2016-08-31,2810
52,2016-09-30,2896
52,2016-10-31,3034
52,2016-11-30,2887
52,2016-12-31,2784
52,2017-01-31,2613
52,2017-02-28,2422
52,2017-03-31,2645
52,2017-04-30,2180
52,2017-05-31,2319
52,2017-06-30,1754
52,2017-07-31,11
52,2017-08-31,11
52,2017-09-30,7
52,2017-10-31,11
52,2017-11-30,6
52,2017-12-31,8
53,2014-01-31,8
53,2014-02-28,2
53,2014-03-31,6
53,2014-04-30,3
53,2014-06-30,4
53,2014-07-31,4
53,2014-08-31,7
53,2014-09-30,2
53,2014-10-31,4
53,2014-11-30,4
53,2014-12-31,4
53,2015-01-31,8
53,2015-02-28,3
53,2015-03-31,3
53,2015-05-31,2
53,2015-06-30,9
53,2015-07-31,5
53,2015-08-31,3
53,2015-09-30,2
53,2015-11-30,3
53,2015-12-31,2
53,2016-02-29,3
53,2016-03-31,3
53,2016-04-30,2
53,2016-05-31,3
53,2016-07-31,3
53,2016-08-31,3
53,2016-09-30,2
53,2017-01-31,2
53,2017-02-28,2
53,2017-03-31,2
53,2017-04-30,2
53,2017-05-31,1
53,2017-06-30,1
54,2014-01-31,1
54,2014-02-28,2
54,2014-03-31,4
54,2014-04-30,4
54,2014-05-31,9
54,2014-06-30,4
54,2014-07-31,5
54,2014-08-31,4
54,2014-09-30,5
54,2014-10-31,3
54,2014-11-30,2
54,2014-12-31,5
54,2015-01-31,3
54,2015-02-28,3
54,2015-03-31,1
54,2015-04-30,2
54,2015-05-31,1
54,2015-06-30,2
54,2015-07-31,2
54,2015-08-31,3
54,2015-09-30,2
54,2015-10-31,1
54,2015-11-30,1
54,2015-12-31,5
54,2016-01-31,2
54,2016-02-29,4
54,2016-03-31,4
54,2016-04-30,4
54,2016-06-30,4
54,2016-08-31,1
54,2016-09-30,3
54,2016-10-31,2
54,2016-12-31,1
54,2017-01-31,1
54,2017-02-28,3
54,2017-03-31,1
54,2017-05-31,2
54,2017-06-30,3
55,2014-01-31,1
55,2014-02-28,1
55,2014-04-30,2
55,2014-05-31,3
55,2014-07-31,1
55,2014-08-31,1
55,2014-09-30,1
55,2014-12-31,5
55,2015-01-31,2
55,2015-02-28,1
55,2015-03-31,1
55,2015-04-30,1
55,2015-05-31,2
55,2015-08-31,1
55,2015-10-31,2
55,2015-11-30,3
55,2015-12-31,1
55,2016-02-29,1
55,2016-03-31,2
55,2016-07-31,2
55,2016-10-31,1
55,2017-01-31,1
55,2017-05-31,1
55,2017-06-30,2
56,2014-01-31,1
56,2014-03-31,6
56,2014-04-30,5
56,2014-06-30,3
56,2014-07-31,5
56,2014-08-31,3
56,2014-09-30,3
56,2014-10-31,7
56,2014-11-30,3
56,2014-12-31,1
56,2015-01-31,2
56,2015-02-28,1
56,2015-03-31,5
56,2015-04-30,2
56,2015-05-31,1
56,2015-06-30,4
56,2015-07-31,1
56,2015-08-31,1
56,2015-09-30,2
56,2015-10-31,1
56,2015-12-31,1
56,2016-01-31,3
56,2016-02-29,1
56,2016-03-31,6
56,2016-04-30,4
56,2016-05-31,4
56,2016-06-30,1
56,2016-07-31,2
56,2016-08-31,3
56,2016-09-30,1
56,2016-10-31,1
56,2016-11-30,3
56,2016-12-31,16
56,2017-01-31,1
56,2017-02-28,1
56,2017-03-31,2
56,2017-04-30,2
56,2017-05-31,1
56,2017-06-30,1
57,2014-01-31,1
57,2014-02-28,18
57,2014-03-31,6
57,2014-04-30,4
57,2014-05-31,3
57,2014-06-30,1
57,2014-08-31,7
57,2014-09-30,4
57,2014-10-31,3
57,2014-11-30,1
57,2014-12-31,1
57,2015-01-31,3
57,2015-02-28,2
57,2015-03-31,5
57,2015-04-30,2
57,2015-05-31,4
57,2015-06-30,1
57,2015-07-31,1
57,2015-08-31,1
57,2015-09-30,2
57,2015-10-31,9
57,2015-12-31,2
57,2016-01-31,3
57,2016-02-29,3
57,2016-03-31,3
57,2016-04-30,4
57,2016-05-31,1
57,2016-06-30,1
57,2016-08-31,3
57,2016-10-31,2
57,2016-11-30,2
57,2016-12-31,1
57,2017-01-31,1
57,2017-02-28,2
57,2017-03-31,3
57,2017-04-30,1
57,2017-05-31,1
58,2014-01-31,1
58,2014-02-28,1
58,2014-04-30,1
58,2014-06-30,1
58,2014-08-31,1
58,2014-09-30,4
58,2014-11-30,1
58,2014-12-31,1
58,2015-01-31,12
58,2015-02-28,1
58,2015-03-31,1
58,2015-04-30,2
58,2015-05-31,3
58,2015-06-30,4
58,2015-08-31,1
58,2015-09-30,1
58,2015-12-31,2
58,2016-01-31,2
58,2016-02-29,2
58,2016-05-31,1
58,2016-07-31,1
58,2016-08-31,3
58,2016-11-30,1
58,2017-02-28,3
59,2014-02-28,1
59,2014-07-31,3
59,2014-08-31,1
59,2015-05-31,2
59,2015-10-31,1
59,2016-03-31,1
59,2016-08-31,1
59,2016-09-30,2
60,2014-01-31,1078
60,2014-02-28,1252
60,2014-03-31,1754
60,2014-04-30,1572
60,2014-05-31,1674
60,2014-06-30,1713
60,2014-07-31,2074
60,2014-08-31,2500
60,2014-09-30,2064
60,2014-10-31,1528
60,2014-11-30,1216
60,2014-12-31,1415
60,2015-01-31,1859
60,2015-02-28,917
60,2015-03-31,1699
60,2015-04-30,1545
60,2015-05-31,2116
60,2015-06-30,2881
60,2015-07-31,2246
60,2015-08-31,2655
60,2015-09-30,1591
60,2015-10-31,1705
60,2015-11-30,1548
60,2015-12-31,1620
60,2016-01-31,1496
60,2016-02-29,1787
60,2016-03-31,1828
60,2016-04-30,1816
60,2016-05-31,1571
60,2016-06-30,1550
60,2016-07-31,2213
60,2016-08-31,2577
60,2016-09-30,1712
60,2016-10-31,1647
60,2016-11-30,1655
60,2016-12-31,1803
60,2017-01-31,1837
60,2017-02-28,1885
60,2017-03-31,2251
60,2017-04-30,1925
60,2017-05-31,2139
60,2017-06-30,1068
60,2017-07-31,6
60,2017-08-31,11
60,2017-09-30,8
60,2017-10-31,5
60,2017-11-30,3
60,2017-12-31,5
61,2014-01-31,3086
61,2014-02-28,2771
61,2014-03-31,3394
61,2014-04-30,2672
61,2014-05-31,3524
61,2014-06-30,3203
61,2014-07-31,3113
61,2014-08-31,3221
61,2014-09-30,3758
61,2014-10-31,2896
61,2014-11-30,2989
61,2014-12-31,3266
61,2015-01-31,4296
61,2015-02-28,3086
61,2015-03-31,3326
61,2015-04-30,3345
61,2015-05-31,4076
61,2015-06-30,4659
61,2015-07-31,3247
61,2015-08-31,3812
61,2015-09-30,2672
61,2015-10-31,3391
61,2015-11-30,2867
61,2015-12-31,2941
61,2016-01-31,2413
61,2016-02-29,3273
61,2016-03-31,3740
61,2016-04-30,3238
61,2016-05-31,3108
61,2016-06-30,2198
61,2016-07-31,2477
61,2016-08-31,2826
61,2016-09-30,3234
61,2016-10-31,2907
61,2016-11-30,2918
61,2016-12-31,2593
61,2017-01-31,2686
61,2017-02-28,2516
61,2017-03-31,3075
61,2017-04-30,2727
61,2017-05-31,2918
61,2017-06-30,1628
61,2017-07-31,9
61,2017-08-31,5
61,2017-09-30,26
61,2017-10-31,4
61,2017-11-30,11
61,2017-12-31,2
62,2014-01-31,2157
62,2014-02-28,1935
62,2014-03-31,3043
62,2014-04-30,2697
62,2014-05-31,2932
62,2014-06-30,2597
62,2014-07-31,2875
62,2014-08-31,3194
62,2014-09-30,3376
62,2014-10-31,3134
62,2014-11-30,2885
62,2014-12-31,3240
62,2015-01-31,4493
62,2015-02-28,1918
62,2015-03-31,2841
62,2015-04-30,3406
62,2015-05-31,3387
62,2015-06-30,4369
62,2015-07-31,3323
62,2015-08-31,3311
62,2015-09-30,2800
62,2015-10-31,3133
62,2015-11-30,2754
62,2015-12-31,2808
62,2016-01-31,2495
62,2016-02-29,2639
62,2016-03-31,3332
62,2016-04-30,3086
62,2016-05-31,2921
62,2016-06-30,1985
62,2016-07-31,2832
62,2016-08-31,3040
62,2016-09-30,2886
62,2016-10-31,2706
62,2016-11-30,2710
62,2016-12-31,2541
62,2017-01-31,2531
62,2017-02-28,2466
62,2017-03-31,2720
62,2017-04-30,2396
62,2017-05-31,2606
62,2017-06-30,1549
62,2017-07-31,4
62,2017-08-31,6
62,2017-09-30,7
62,2017-10-31,5
62,2017-11-30,6
62,2017-12-31,10
63,2014-01-31,1307
63,2014-02-28,1433
63,2014-03-31,1674
63,2014-04-30,1216
63,2014-05-31,1503
63,2014-06-30,1402
63,2014-07-31,1252
63,2014-08-31,1562
63,2014-09-30,1450
63,2014-10-31,1331
63,2014-11-30,1290
63,2014-12-31,1239
63,2015-01-31,1981
63,2015-02-28,1194
63,2015-03-31,1337
63,2015-04-30,1422
63,2015-05-31,1648
63,2015-06-30,1936
63,2015-07-31,1348
63,2015-08-31,1640
63,2015-09-30,1075
63,2015-10-31,1234
63,2015-11-30,1089
63,2015-12-31,1044
63,2016-01-31,1185
63,2016-02-29,1438
63,2016-03-31,1653
63,2016-04-30,1280
63,2016-05-31,1312
63,2016-06-30,1044
63,2016-07-31,1325
63,2016-08-31,1498
63,2016-09-30,1460
63,2016-10-31,1448
63,2016-11-30,1179
63,2016-12-31,1248
63,2017-01-31,1447
63,2017-02-28,1329
63,2017-03-31,1381
63,2017-04-30,1028
63,2017-05-31,1059
63,2017-06-30,508
63,2017-07-31,6
63,2017-08-31,4
63,2017-09-30,4
63,2017-10-31,4
63,2017-11-30,4
63,2017-12-31,2
64,2014-01-31,17
64,2014-02-28,7
64,2014-03-31,18
64,2014-04-30,4
64,2014-05-31,12
64,2014-06-30,6
64,2014-07-31,5
64,2014-08-31,7
64,2014-09-30,10
64,2014-10-31,13
64,2014-11-30,11
64,2014-12-31,6
64,2015-01-31,11
64,2015-02-28,12
64,2015-03-31,8
64,2015-04-30,3
64,2015-05-31,2
64,2015-06-30,9
64,2015-07-31,4
64,2015-08-31,6
64,2015-09-30,4
64,2015-10-31,2
64,2015-11-30,5
64,2015-12-31,2
64,2016-01-31,6
64,2016-02-29,8
64,2016-03-31,7
64,2016-04-30,6
64,2016-05-31,1
64,2016-06-30,4
64,2016-07-31,9
64,2016-08-31,12
64,2016-09-30,9
64,2016-10-31,3
64,2016-11-30,4
64,2016-12-31,1
64,2017-01-31,2
64,2017-02-28,1
64,2017-03-31,6
64,2017-04-30,2
64,2017-05-31,4
64,2017-06-30,3
65,2014-01-31,14
65,2014-02-28,9
65,2014-03-31,5
65,2014-04-30,5
65,2014-05-31,9
65,2014-06-30,8
65,2014-07-31,4
65,2014-08-31,10
65,2014-09-30,18
65,2014-10-31,15
65,2014-11-30,6
65,2014-12-31,10
65,2015-01-31,19
65,2015-02-28,10
65,2015-03-31,6
65,2015-04-30,10
65,2015-05-31,14
65,2015-06-30,21
65,2015-07-31,7
65,2015-08-31,13
65,2015-09-30,7
65,2015-10-31,11
65,2015-11-30,10
65,2015-12-31,9
65,2016-01-31,5
65,2016-02-29,4
65,2016-03-31,8
65,2016-04-30,15
65,2016-05-31,11
65,2016-06-30,6
65,2016-07-31,9
65,2016-08-31,1
65,2016-09-30,2
65,2016-10-31,3
65,2016-11-30,4
65,2016-12-31,6
65,2017-01-31,8
65,2017-02-28,4
65,2017-03-31,4
65,2017-04-30,5
65,2017-05-31,6
65,2017-06-30,1
66,2014-01-31,3221
66,2014-02-28,2962
66,2014-03-31,3857
66,2014-04-30,2517
66,2014-05-31,4459
66,2014-06-30,3718
66,2014-07-31,3478
66,2014-08-31,3310
66,2014-09-30,4108
66,2014-10-31,2868
66,2014-11-30,3360
66,2014-12-31,3778
66,2015-01-31,5369
66,2015-02-28,2563
66,2015-03-31,3084
66,2015-04-30,3313
66,2015-05-31,4272
66,2015-06-30,5415
66,2015-07-31,3333
66,2015-08-31,3756
66,2015-09-30,2596
66,2015-10-31,3602
66,2015-11-30,3709
66,2015-12-31,3529
66,2016-01-31,3181
66,2016-02-29,3443
66,2016-03-31,4014
66,2016-04-30,2575
66,2016-05-31,3374
66,2016-06-30,2064
66,2016-07-31,2040
66,2016-08-31,3075
66,2016-09-30,3150
66,2016-10-31,2918
66,2016-11-30,3277
66,2016-12-31,3622
66,2017-01-31,3391
66,2017-02-28,3324
66,2017-03-31,3773
66,2017-04-30,2307
66,2017-05-31,3884
66,2017-06-30,2136
66,2017-07-31,7
66,2017-08-31,10
66,2017-09-30,13
66,2017-10-31,8
66,2017-11-30,6
66,2017-12-31,9
67,2014-01-31,2548
67,2014-02-28,2532
67,2014-03-31,3007
67,2014-04-30,2618
67,2014-05-31,2485
67,2014-06-30,2482
67,2014-07-31,2483
67,2014-08-31,2861
67,2014-09-30,3253
67,2014-10-31,2482
67,2014-11-30,2238
67,2014-12-31,2242
67,2015-01-31,2811
67,2015-02-28,2139
67,2015-03-31,3035
67,2015-04-30,3331
67,2015-05-31,2706
67,2015-06-30,4552
67,2015-07-31,2813
67,2015-08-31,2590
67,2015-09-30,2584
67,2015-10-31,2074
67,2015-11-30,1686
67,2015-12-31,1680
67,2016-01-31,1853
67,2016-02-29,2478
67,2016-03-31,2103
67,2016-04-30,2106
67,2016-05-31,1840
67,2016-06-30,1456
67,2016-07-31,1488
67,2016-08-31,1941
67,2016-09-30,1771
67,2016-10-31,1689
67,2016-11-30,1688
67,2016-12-31,1860
67,2017-01-31,1953
67,2017-02-28,2003
67,2017-03-31,2160
67,2017-04-30,1761
67,2017-05-31,1990
67,2017-06-30,982
67,2017-07-31,11
67,2017-08-31,11
67,2017-09-30,10
67,2017-10-31,12
67,2017-11-30,17
67,2017-12-31,7
68,2014-01-31,2381
68,2014-02-28,2414
68,2014-03-31,2822
68,2014-04-30,3164
68,2014-05-31,3007
68,2014-06-30,2873
68,2014-07-31,2633
68,2014-08-31,2773
68,2014-09-30,3273
68,2014-10-31,3304
68,2014-11-30,2181
68,2014-12-31,2024
68,2015-01-31,3221
68,2015-02-28,1983
68,2015-03-31,2700
68,2015-04-30,2859
68,2015-05-31,2637
68,2015-06-30,4474
68,2015-07-31,2863
68,2015-08-31,3127
68,2015-09-30,2839
68,2015-10-31,3101
68,2015-11-30,2778
68,2015-12-31,2932
68,2016-01-31,2809
68,2016-02-29,2802
68,2016-03-31,3214
68,2016-04-30,3317
68,2016-05-31,2540
68,2016-06-30,1909
68,2016-07-31,2261
68,2016-08-31,2746
68,2016-09-30,2562
68,2016-10-31,2493
68,2016-11-30,2183
68,2016-12-31,2156
68,2017-01-31,2176
68,2017-02-28,2257
68,2017-03-31,2519
68,2017-04-30,2546
68,2017-05-31,2637
68,2017-06-30,1431
68,2017-07-31,1
68,2017-08-31,7
68,2017-09-30,4
68,2017-10-31,4
68,2017-11-30,3
68,2017-12-31,4
69,2014-01-31,1198
69,2014-02-28,1293
69,2014-03-31,1517
69,2014-04-30,1317
69,2014-05-31,1216
69,2014-06-30,1105
69,2014-07-31,1103
69,2014-08-31,1656
69,2014-09-30,1155
69,2014-10-31,1096
69,2014-11-30,946
69,2014-12-31,871
69,2015-01-31,1132
69,2015-02-28,949
69,2015-03-31,1215
69,2015-04-30,1135
69,2015-05-31,1312
69,2015-06-30,1484
69,2015-07-31,1049
69,2015-08-31,1414
69,2015-09-30,1274
69,2015-10-31,1404
69,2015-11-30,1202
69,2015-12-31,1238
69,2016-01-31,1212
69,2016-02-29,1275
69,2016-03-31,1466
69,2016-04-30,1524
69,2016-05-31,1065
69,2016-06-30,942
69,2016-07-31,1267
69,2016-08-31,1896
69,2016-09-30,1426
69,2016-10-31,1245
69,2016-11-30,1341
69,2016-12-31,1275
69,2017-01-31,1262
69,2017-02-28,1173
69,2017-03-31,1255
69,2017-04-30,1273
69,2017-05-31,1151
69,2017-06-30,393
69,2017-07-31,3
69,2017-08-31,1
69,2017-09-30,3
69,2017-10-31,7
69,2017-11-30,3
69,2017-12-31,6
70,2014-01-31,4054
70,2014-02-28,3791
70,2014-03-31,5448
70,2014-04-30,3638
70,2014-05-31,4703
70,2014-06-30,4075
70,2014-07-31,4110
70,2014-08-31,4737
70,2014-09-30,4884
70,2014-10-31,4009
70,2014-11-30,3921
70,2014-12-31,3960
70,2015-01-31,5288
70,2015-02-28,3000
70,2015-03-31,3996
70,2015-04-30,4056
70,2015-05-31,4453
70,2015-06-30,6016
70,2015-07-31,3880
70,2015-08-31,4239
70,2015-09-30,2974
70,2015-10-31,4050
70,2015-11-30,3481
70,2015-12-31,3514
70,2016-01-31,3443
70,2016-02-29,3693
70,2016-03-31,4148
70,2016-04-30,4004
70,2016-05-31,4026
70,2016-06-30,2679
70,2016-07-31,2940
70,2016-08-31,3699
70,2016-09-30,4121
70,2016-10-31,3599
70,2016-11-30,4161
70,2016-12-31,3657
70,2017-01-31,3997
70,2017-02-28,3509
70,2017-03-31,3936
70,2017-04-30,3059
70,2017-05-31,4353
70,2017-06-30,2036
70,2017-07-31,18
70,2017-08-31,8
70,2017-09-30,18
70,2017-10-31,12
70,2017-11-30,24
70,2017-12-31,14
71,2014-01-31,2050
71,2014-02-28,1908
71,2014-03-31,2545
71,2014-04-30,2128
71,2014-05-31,2507
71,2014-06-30,2271
71,2014-07-31,2436
71,2014-08-31,2850
71,2014-09-30,3348
71,2014-10-31,2394
71,2014-11-30,2440
71,2014-12-31,2991
71,2015-01-31,3397
71,2015-02-28,1697
71,2015-03-31,2487
71,2015-04-30,2355
71,2015-05-31,2292
71,2015-06-30,3617
71,2015-07-31,2256
71,2015-08-31,2427
71,2015-09-30,1901
71,2015-10-31,2123
71,2015-11-30,2325
71,2015-12-31,1957
71,2016-01-31,1861
71,2016-02-29,2194
71,2016-03-31,2442
71,2016-04-30,2055
71,2016-05-31,1642
71,2016-06-30,1560
71,2016-07-31,1910
71,2016-08-31,2113
71,2016-09-30,1926
71,2016-10-31,2299
71,2016-11-30,2338
71,2016-12-31,2293
71,2017-01-31,2440
71,2017-02-28,2155
71,2017-03-31,2609
71,2017-04-30,2188
71,2017-05-31,2167
71,2017-06-30,920
71,2017-07-31,11
71,2017-08-31,5
71,2017-09-30,8
71,2017-10-31,13
71,2017-11-30,7
71,2017-12-31,9
72,2014-01-31,1299
72,2014-02-28,1148
72,2014-03-31,1960
72,2014-04-30,2085
72,2014-05-31,2176
72,2014-06-30,1623
72,2014-07-31,1567
72,2014-08-31,2045
72,2014-09-30,2380
72,2014-10-31,1784
72,2014-11-30,1733
72,2014-12-31,2270
72,2015-01-31,2409
72,2015-02-28,1229
72,2015-03-31,1998
72,2015-04-30,1887
72,2015-05-31,2060
72,2015-06-30,3007
72,2015-07-31,1867
72,2015-08-31,2006
72,2015-09-30,2087
72,2015-10-31,2133
72,2015-11-30,1952
72,2015-12-31,2119
72,2016-01-31,1688
72,2016-02-29,2291
72,2016-03-31,2530
72,2016-04-30,2166
72,2016-05-31,2262
72,2016-06-30,1757
72,2016-07-31,2345
72,2016-08-31,2868
72,2016-09-30,2644
72,2016-10-31,2626
72,2016-11-30,2717
72,2016-12-31,2630
72,2017-01-31,2467
72,2017-02-28,2629
72,2017-03-31,2772
72,2017-04-30,2784
72,2017-05-31,2960
72,2017-06-30,1495
72,2017-07-31,10
72,2017-08-31,6
72,2017-09-30,7
72,2017-10-31,10
72,2017-11-30,13
72,2017-12-31,11
73,2014-01-31,1858
73,2014-02-28,1531
73,2014-03-31,1789
73,2014-04-30,1505
73,2014-05-31,1323
73,2014-06-30,1190
73,2014-07-31,1249
73,2014-08-31,1965
73,2014-09-30,1528
73,2014-10-31,1203
73,2014-11-30,1095
73,2014-12-31,2843
73,2015-01-31,2537
73,2015-02-28,1055
73,2015-03-31,1398
73,2015-04-30,1223
73,2015-05-31,1104
73,2015-06-30,2164
73,2015-07-31,1349
73,2015-08-31,1504
73,2015-09-30,1439
73,2015-10-31,1623
73,2015-11-30,1438
73,2015-12-31,1286
73,2016-01-31,1303
73,2016-02-29,1670
73,2016-03-31,1694
73,2016-04-30,1471
73,2016-05-31,1124
73,2016-06-30,1040
73,2016-07-31,1450
73,2016-08-31,1845
73,2016-09-30,1332
73,2016-10-31,1010
73,2016-11-30,1111
73,2016-12-31,1069
73,2017-01-31,1126
73,2017-02-28,1138
73,2017-03-31,1249
73,2017-04-30,1083
73,2017-05-31,1067
73,2017-06-30,441
73,2017-07-31,4
73,2017-08-31,2
73,2017-09-30,6
73,2017-10-31,2
73,2017-11-30,3
73,2017-12-31,7
74,2014-01-31,22
74,2014-02-28,17
74,2014-03-31,14
74,2014-04-30,13
74,2014-05-31,9
74,2014-06-30,8
74,2014-07-31,15
74,2014-08-31,7
74,2014-09-30,6
74,2014-10-31,8
74,2014-11-30,16
74,2014-12-31,6
74,2015-01-31,8
74,2015-02-28,3
74,2015-03-31,11
74,2015-04-30,6
74,2015-05-31,4
74,2015-06-30,25
74,2015-07-31,5
74,2015-08-31,5
74,2015-09-30,3
74,2015-10-31,4
74,2015-11-30,6
74,2015-12-31,9
74,2016-01-31,8
74,2016-02-29,19
74,2016-03-31,5
74,2016-04-30,6
74,2016-05-31,8
74,2016-06-30,4
74,2016-07-31,6
74,2016-08-31,8
74,2016-09-30,7
74,2016-10-31,5
74,2016-11-30,8
74,2016-12-31,7
74,2017-01-31,6
74,2017-02-28,10
74,2017-03-31,4
74,2017-04-30,8
74,2017-05-31,9
74,2017-06-30,3
74,2017-07-31,1
75,2014-01-31,2748
75,2014-02-28,2684
75,2014-03-31,3300
75,2014-04-30,2965
75,2014-05-31,2659
75,2014-06-30,2515
75,2014-07-31,2539
75,2014-08-31,3418
75,2014-09-30,3265
75,2014-10-31,2738
75,2014-11-30,2584
75,2014-12-31,3861
75,2015-01-31,3872
75,2015-02-28,1906
75,2015-03-31,3174
75,2015-04-30,3122
75,2015-05-31,2725
75,2015-06-30,4305
75,2015-07-31,2449
75,2015-08-31,2136
75,2015-09-30,1661
75,2015-10-31,1834
75,2015-11-30,1801
75,2015-12-31,2049
75,2016-01-31,1967
75,2016-02-29,2437
75,2016-03-31,2425
75,2016-04-30,2208
75,2016-05-31,1879
75,2016-06-30,1876
75,2016-07-31,2098
75,2016-08-31,2396
75,2016-09-30,1888
75,2016-10-31,2102
75,2016-11-30,1781
75,2016-12-31,1580
75,2017-01-31,1396
75,2017-02-28,1222
75,2017-03-31,1218
75,2017-04-30,1260
75,2017-05-31,1292
75,2017-06-30,607
75,2017-07-31,5
75,2017-08-31,6
75,2017-09-30,3
75,2017-10-31,3
75,2017-11-30,8
75,2017-12-31,10
76,2014-01-31,1281
76,2014-02-28,1257
76,2014-03-31,1723
76,2014-04-30,1786
76,2014-05-31,1472
76,2014-06-30,1392
76,2014-07-31,1282
76,2014-08-31,1365
76,2014-09-30,1607
76,2014-10-31,1502
76,2014-11-30,1169
76,2014-12-31,1025
76,2015-01-31,1689
76,2015-02-28,944
76,2015-03-31,1614
76,2015-04-30,1353
76,2015-05-31,1494
76,2015-06-30,2421
76,2015-07-31,1541
76,2015-08-31,1479
76,2015-09-30,1656
76,2015-10-31,1585
76,2015-11-30,1417
76,2015-12-31,1327
76,2016-01-31,1088
76,2016-02-29,1252
76,2016-03-31,1453
76,2016-04-30,1727
76,2016-05-31,1152
76,2016-06-30,1117
76,2016-07-31,946
76,2016-08-31,1233
76,2016-09-30,1385
76,2016-10-31,1498
76,2016-11-30,1499
76,2016-12-31,1180
76,2017-01-31,1316
76,2017-02-28,1337
76,2017-03-31,1504
76,2017-04-30,1291
76,2017-05-31,1399
76,2017-06-30,1026
76,2017-07-31,6
76,2017-08-31,26
76,2017-09-30,3
76,2017-10-31,3
76,2017-11-30,8
76,2017-12-31,3
77,2014-01-31,2210
77,2014-02-28,2040
77,2014-03-31,2648
77,2014-04-30,2087
77,2014-05-31,1926
77,2014-06-30,1540
77,2014-07-31,1754
77,2014-08-31,1913
77,2014-09-30,2215
77,2014-10-31,1938
77,2014-11-30,1967
77,2014-12-31,1751
77,2015-01-31,2351
77,2015-02-28,1764
77,2015-03-31,2327
77,2015-04-30,2378
77,2015-05-31,2158
77,2015-06-30,3553
77,2015-07-31,2118
77,2015-08-31,2199
77,2015-09-30,2398
77,2015-10-31,2508
77,2015-11-30,2154
77,2015-12-31,1910
77,2016-01-31,1656
77,2016-02-29,1603
77,2016-03-31,1677
77,2016-04-30,1554
77,2016-05-31,1145
77,2016-06-30,1093
77,2016-07-31,1058
77,2016-08-31,1710
77,2016-09-30,1566
77,2016-10-31,1414
77,2016-11-30,1359
77,2016-12-31,1503
77,2017-01-31,1356
77,2017-02-28,961
77,2017-03-31,1027
77,2017-04-30,1023
77,2017-05-31,904
77,2017-06-30,412
77,2017-07-31,7
77,2017-08-31,4
77,2017-09-30,11
77,2017-10-31,6
77,2017-11-30,4
77,2017-12-31,15
78,2014-01-31,2409
78,2014-02-28,2081
78,2014-03-31,2600
78,2014-04-30,3448
78,2014-05-31,2921
78,2014-06-30,2627
78,2014-07-31,2732
78,2014-08-31,2802
78,2014-09-30,3614
78,2014-10-31,3516
78,2014-11-30,2601
78,2014-12-31,3006
78,2015-01-31,4032
78,2015-02-28,2131
78,2015-03-31,3130
78,2015-04-30,3037
78,2015-05-31,3187
78,2015-06-30,4488
78,2015-07-31,2928
78,2015-08-31,2714
78,2015-09-30,3388
78,2015-10-31,3314
78,2015-11-30,2838
78,2015-12-31,2660
78,2016-01-31,1936
78,2016-02-29,2403
78,2016-03-31,2992
78,2016-04-30,3062
78,2016-05-31,2311
78,2016-06-30,1717
78,2016-07-31,1984
78,2016-08-31,2272
78,2016-09-30,2211
78,2016-10-31,2674
78,2016-11-30,2529
78,2016-12-31,2269
78,2017-01-31,2089
78,2017-02-28,1981
78,2017-03-31,2129
78,2017-04-30,2096
78,2017-05-31,2100
78,2017-06-30,1234
78,2017-07-31,2
78,2017-08-31,4
78,2017-09-30,6
78,2017-10-31,5
78,2017-11-30,2
78,2017-12-31,4
79,2014-01-31,1679
79,2014-02-28,1511
79,2014-03-31,2002
79,2014-04-30,1532
79,2014-05-31,2054
79,2014-06-30,1925
79,2014-07-31,1848
79,2014-08-31,2204
79,2014-09-30,2307
79,2014-10-31,1971
79,2014-11-30,1843
79,2014-12-31,2789
79,2015-01-31,3727
79,2015-02-28,1479
79,2015-03-31,2392
79,2015-04-30,1974
79,2015-05-31,1791
79,2015-06-30,2539
79,2015-07-31,1886
79,2015-08-31,1936
79,2015-09-30,1663
79,2015-10-31,2009
79,2015-11-30,1877
79,2015-12-31,1967
79,2016-01-31,1723
79,2016-02-29,1622
79,2016-03-31,1521
79,2016-04-30,1231
79,2016-05-31,1065
79,2016-06-30,1087
79,2016-07-31,1240
79,2016-08-31,1590
79,2016-09-30,1420
79,2016-10-31,1306
79,2016-11-30,1525
79,2016-12-31,1507
79,2017-01-31,1439
79,2017-02-28,1314
79,2017-03-31,1393
79,2017-04-30,1228
79,2017-05-31,1350
79,2017-06-30,938
79,2017-07-31,4
79,2017-08-31,5
79,2017-09-30,5
79,2017-10-31,1
79,2017-11-30,1
79,2017-12-31,3
80,2014-01-31,6
80,2014-02-28,5
80,2014-03-31,5
80,2014-04-30,4
80,2014-05-31,10
80,2014-06-30,8
80,2014-07-31,10
80,2014-08-31,14
80,2014-09-30,11
80,2014-10-31,5
80,2014-11-30,5
80,2014-12-31,4
80,2015-01-31,5
80,2015-02-28,3
80,2015-03-31,5
80,2015-04-30,6
80,2015-05-31,9
80,2015-06-30,8
80,2015-07-31,2
80,2015-08-31,6
80,2015-09-30,8
80,2015-10-31,7
80,2015-11-30,6
80,2015-12-31,3
80,2016-01-31,4
80,2016-02-29,3
80,2016-03-31,6
80,2016-04-30,6
80,2016-06-30,4
80,2016-07-31,2
80,2016-08-31,6
80,2016-09-30,5
80,2016-10-31,1
80,2017-01-31,4
80,2017-02-28,2
80,2017-03-31,3
80,2017-04-30,4
80,2017-05-31,6
80,2017-06-30,3
81,2014-01-31,893
81,2014-02-28,915
81,2014-03-31,1093
81,2014-04-30,1116
81,2014-05-31,913
81,2014-06-30,996
81,2014-07-31,672
81,2014-08-31,919
81,2014-09-30,1165
81,2014-10-31,747
81,2014-11-30,815
81,2014-12-31,948
81,2015-01-31,950
81,2015-02-28,547
81,2015-03-31,1060
81,2015-04-30,765
81,2015-05-31,579
81,2015-06-30,1116
81,2015-07-31,495
81,2015-08-31,769
81,2015-09-30,660
81,2015-10-31,711
81,2015-11-30,519
81,2015-12-31,588
81,2016-01-31,571
81,2016-02-29,746
81,2016-03-31,781
81,2016-04-30,684
81,2016-05-31,413
81,2016-06-30,594
81,2016-07-31,580
81,2016-08-31,867
81,2016-09-30,735
81,2016-10-31,619
81,2016-11-30,631
81,2016-12-31,626
81,2017-01-31,577
81,2017-02-28,440
81,2017-03-31,602
81,2017-04-30,425
81,2017-05-31,468
81,2017-06-30,280
81,2017-07-31,1
81,2017-08-31,2
81,2017-09-30,3
81,2017-10-31,3
81,2017-11-30,7
81,2017-12-31,2
82,2014-01-31,17
82,2014-02-28,13
82,2014-03-31,12
82,2014-04-30,4
82,2014-05-31,6
82,2014-06-30,6
82,2014-07-31,1
82,2014-08-31,8
82,2014-09-30,1
82,2014-10-31,25
82,2014-11-30,2
82,2014-12-31,2
82,2015-01-31,6
82,2015-02-28,6
82,2015-03-31,4
82,2015-04-30,4
82,2015-05-31,3
82,2015-06-30,5
82,2015-07-31,3
82,2015-08-31,3
82,2015-09-30,4
82,2015-10-31,6
82,2015-11-30,3
82,2015-12-31,3
82,2016-02-29,7
82,2016-03-31,3
82,2016-04-30,7
82,2016-05-31,1
82,2016-06-30,1
82,2016-07-31,1
82,2016-09-30,2
82,2016-10-31,2
82,2016-11-30,1
82,2016-12-31,5
82,2017-01-31,5
82,2017-02-28,6
82,2017-03-31,2
82,2017-04-30,2
82,2017-05-31,1
82,2017-06-30,3
83,2014-01-31,1792
83,2014-02-28,1507
83,2014-03-31,1987
83,2014-04-30,2092
83,2014-05-31,1786
83,2014-06-30,1581
83,2014-07-31,1555
83,2014-08-31,2232
83,2014-09-30,1825
83,2014-10-31,1584
83,2014-11-30,1352
83,2014-12-31,1788
83,2015-01-31,2831
83,2015-02-28,1323
83,2015-03-31,1873
83,2015-04-30,1996
83,2015-05-31,1675
83,2015-06-30,2951
83,2015-07-31,1870
83,2015-08-31,2119
83,2015-09-30,1919
83,2015-10-31,1856
83,2015-11-30,1638
83,2015-12-31,1588
83,2016-01-31,1570
83,2016-02-29,1989
83,2016-03-31,2223
83,2016-04-30,1936
83,2016-05-31,1195
83,2016-06-30,1358
83,2016-07-31,1585
83,2016-08-31,1961
83,2016-09-30,1520
83,2016-10-31,1323
83,2016-11-30,1322
83,2016-12-31,1304
83,2017-01-31,1276
83,2017-02-28,1307
83,2017-03-31,1279
83,2017-04-30,1070
83,2017-05-31,1304
83,2017-06-30,481
83,2017-07-31,5
83,2017-08-31,2
83,2017-09-30,7
83,2017-10-31,2
83,2017-11-30,6
83,2017-12-31,6
84,2014-01-31,3323
84,2014-02-28,3256
84,2014-03-31,4215
84,2014-04-30,4412
84,2014-05-31,3922
84,2014-06-30,3676
84,2014-07-31,3915
84,2014-08-31,4033
84,2014-09-30,4096
84,2014-10-31,3696
84,2014-11-30,2981
84,2014-12-31,3177
84,2015-01-31,4768
84,2015-02-28,3233
84,2015-03-31,3579
84,2015-04-30,3725
84,2015-05-31,3573
84,2015-06-30,5564
84,2015-07-31,4279
84,2015-08-31,4521
84,2015-09-30,4236
84,2015-10-31,3658
84,2015-11-30,3356
84,2015-12-31,2784
84,2016-01-31,2716
84,2016-02-29,3472
84,2016-03-31,3615
84,2016-04-30,3357
84,2016-05-31,2766
84,2016-06-30,2398
84,2016-07-31,2356
84,2016-08-31,2739
84,2016-09-30,2949
84,2016-10-31,3071
84,2016-11-30,2904
84,2016-12-31,1874
84,2017-01-31,3012
84,2017-02-28,2612
84,2017-03-31,2432
84,2017-04-30,2778
84,2017-05-31,2311
84,2017-06-30,1389
84,2017-07-31,8
84,2017-08-31,6
84,2017-09-30,5
84,2017-10-31,8
84,2017-11-30,5
84,2017-12-31,5
85,2014-02-28,2
85,2014-03-31,1
85,2014-04-30,3
85,2014-05-31,3
85,2014-06-30,2
85,2014-07-31,2
85,2014-08-31,1
85,2014-09-30,3
85,2014-10-31,1
85,2014-12-31,2
85,2015-01-31,6
85,2015-02-28,2
85,2015-03-31,2
85,2015-04-30,7
85,2015-05-31,3
85,2015-06-30,10
85,2015-07-31,9
85,2015-08-31,6
85,2015-09-30,8
85,2015-10-31,4
85,2015-11-30,1
85,2015-12-31,6
85,2016-01-31,6
85,2016-02-29,4
85,2016-03-31,4
85,2016-04-30,3
85,2016-05-31,1
85,2016-06-30,4
85,2016-07-31,1
85,2016-08-31,2
85,2016-10-31,3
85,2016-11-30,2
85,2017-01-31,3
85,2017-02-28,4
85,2017-04-30,4
85,2017-05-31,2
86,2014-01-31,7
86,2014-02-28,3
86,2014-03-31,14
86,2014-04-30,3
86,2014-05-31,4
86,2014-06-30,2
86,2014-07-31,4
86,2014-08-31,3
86,2014-09-30,5
86,2014-10-31,3
86,2014-11-30,4
86,2015-01-31,3
86,2015-02-28,1
86,2015-03-31,4
86,2015-04-30,1
86,2015-05-31,5
86,2015-06-30,5
86,2015-07-31,3
86,2015-08-31,4
86,2015-09-30,3
86,2015-10-31,3
86,2015-12-31,4
86,2016-01-31,4
86,2016-02-29,1
86,2016-03-31,2
86,2016-04-30,2
86,2016-05-31,2
86,2016-06-30,4
86,2016-07-31,5
86,2016-08-31,1
86,2016-09-30,2
86,2016-10-31,2
86,2016-11-30,2
86,2016-12-31,3
86,2017-01-31,1
86,2017-02-28,3
86,2017-03-31,3
86,2017-04-30,1
86,2017-05-31,7
86,2017-11-30,1
87,2014-01-31,11
87,2014-02-28,8
87,2014-03-31,14
87,2014-04-30,16
87,2014-05-31,8
87,2014-06-30,18
87,2014-07-31,9
87,2014-08-31,10
87,2014-09-30,19
87,2014-10-31,14
87,2014-11-30,10
87,2014-12-31,10
87,2015-01-31,5
87,2015-02-28,6
87,2015-03-31,8
87,2015-04-30,6
87,2015-05-31,13
87,2015-06-30,14
87,2015-07-31,13
87,2015-08-31,19
87,2015-09-30,12
87,2015-10-31,19
87,2015-11-30,18
87,2015-12-31,16
87,2016-01-31,3
87,2016-02-29,9
87,2016-03-31,9
87,2016-04-30,11
87,2016-05-31,4
87,2016-06-30,8
87,2016-07-31,4
87,2016-08-31,6
87,2016-09-30,9
87,2016-10-31,2
87,2016-11-30,6
87,2016-12-31,8
87,2017-01-31,3
87,2017-02-28,1
87,2017-03-31,3
87,2017-04-30,2
87,2017-05-31,4
87,2017-06-30,1
87,2017-08-31,1
88,2014-01-31,998
88,2014-02-28,920
88,2014-03-31,1235
88,2014-04-30,1329
88,2014-05-31,1138
88,2014-06-30,1106
88,2014-07-31,1182
88,2014-08-31,1199
88,2014-09-30,1428
88,2014-10-31,1315
88,2014-11-30,1025
88,2014-12-31,1233
88,2015-01-31,1631
88,2015-02-28,1056
88,2015-03-31,1354
88,2015-04-30,1280
88,2015-05-31,1168
88,2015-06-30,1869
88,2015-07-31,1424
88,2015-08-31,1440
88,2015-09-30,1465
88,2015-10-31,1455
88,2015-11-30,1300
88,2015-12-31,1314
88,2016-01-31,1410
88,2016-02-29,1581
88,2016-03-31,1661
88,2016-04-30,1426
88,2016-05-31,1231
88,2016-06-30,1182
88,2016-07-31,1115
88,2016-08-31,1373
88,2016-09-30,1340
88,2016-10-31,1155
88,2016-11-30,1283
88,2016-12-31,1098
88,2017-01-31,1239
88,2017-02-28,1099
88,2017-03-31,1088
88,2017-04-30,904
88,2017-05-31,1223
88,2017-06-30,523
88,2017-07-31,5
88,2017-08-31,2
88,2017-09-30,3
88,2017-10-31,3
88,2017-11-30,5
88,2017-12-31,3
89,2014-01-31,17
89,2014-02-28,10
89,2014-03-31,18
89,2014-04-30,13
89,2014-05-31,7
89,2014-06-30,15
89,2014-07-31,17
89,2014-08-31,16
89,2014-09-30,17
89,2014-10-31,5
89,2014-11-30,10
89,2014-12-31,16
89,2015-01-31,4
89,2015-02-28,6
89,2015-03-31,3
89,2015-04-30,4
89,2015-05-31,9
89,2015-06-30,1
89,2015-07-31,10
89,2015-08-31,16
89,2015-09-30,10
89,2015-10-31,6
89,2015-11-30,4
89,2015-12-31,6
89,2016-01-31,14
89,2016-02-29,8
89,2016-03-31,15
89,2016-04-30,9
89,2016-05-31,3
89,2016-06-30,6
89,2016-07-31,5
89,2016-08-31,9
89,2016-09-30,12
89,2016-10-31,19
89,2016-11-30,6
89,2016-12-31,15
89,2017-01-31,4
89,2017-02-28,14
89,2017-03-31,7
89,2017-04-30,3
89,2017-05-31,3
89,2017-06-30,4
90,2014-01-31,1651
90,2014-02-28,1626
90,2014-03-31,2257
90,2014-04-30,1490
90,2014-05-31,2180
90,2014-06-30,1869
90,2014-07-31,2036
90,2014-08-31,2208
90,2014-09-30,2307
90,2014-10-31,1438
90,2014-11-30,1714
90,2014-12-31,2205
90,2015-01-31,3452
90,2015-02-28,1558
90,2015-03-31,1741
90,2015-04-30,1397
90,2015-05-31,1732
90,2015-06-30,2298
90,2015-07-31,1662
90,2015-08-31,1844
90,2015-09-30,1432
90,2015-10-31,1405
90,2015-11-30,1346
90,2015-12-31,1143
90,2016-01-31,1322
90,2016-02-29,1533
90,2016-03-31,1772
90,2016-04-30,1450
90,2016-05-31,1541
90,2016-06-30,1321
90,2016-07-31,1214
90,2016-08-31,1328
90,2016-09-30,1443
90,2016-10-31,1434
90,2016-11-30,1550
90,2016-12-31,1388
90,2017-01-31,1679
90,2017-02-28,1377
90,2017-03-31,1360
90,2017-04-30,794
90,2017-05-31,1214
90,2017-06-30,940
90,2017-07-31,2
90,2017-08-31,3
90,2017-09-30,5
90,2017-10-31,2
90,2017-11-30,3
90,2017-12-31,2
91,2014-01-31,2
91,2014-02-28,3
91,2014-03-31,2
91,2014-04-30,3
91,2014-05-31,1
91,2014-06-30,1
91,2014-07-31,1
91,2014-08-31,2
91,2014-09-30,9
91,2014-10-31,5
91,2014-11-30,1
91,2014-12-31,1
91,2015-01-31,10
91,2015-02-28,2
91,2015-03-31,3
91,2015-04-30,2
91,2015-06-30,5
91,2015-07-31,1
91,2015-08-31,1
91,2015-09-30,1
91,2015-10-31,2
91,2015-11-30,1
91,2015-12-31,1
91,2016-01-31,3
91,2016-02-29,3
91,2016-03-31,1
91,2016-04-30,2
91,2016-05-31,3
91,2016-06-30,1
91,2016-08-31,5
91,2016-09-30,1
91,2016-11-30,1
91,2017-03-31,5
91,2017-04-30,1
92,2014-01-31,3
92,2014-02-28,3
92,2014-03-31,1
92,2014-06-30,3
92,2014-08-31,1
92,2014-09-30,1
92,2014-10-31,1
92,2014-11-30,3
92,2014-12-31,2
92,2015-01-31,4
92,2015-03-31,3
92,2015-04-30,3
92,2015-05-31,2
92,2015-06-30,2
92,2015-07-31,1
92,2015-09-30,2
92,2015-10-31,7
92,2015-11-30,1
92,2015-12-31,3
92,2016-02-29,1
92,2016-04-30,2
92,2016-05-31,1
92,2016-06-30,7
92,2016-07-31,3
92,2016-08-31,1
92,2016-09-30,3
92,2016-12-31,1
92,2017-01-31,1
92,2017-03-31,2
92,2017-04-30,4
92,2017-05-31,2
93,2014-01-31,2
93,2014-04-30,2
93,2014-05-31,4
93,2014-08-31,1
93,2014-09-30,1
93,2014-10-31,2
93,2014-11-30,2
93,2015-01-31,8
93,2015-02-28,5
93,2015-03-31,5
93,2015-05-31,2
93,2015-06-30,3
93,2015-07-31,2
93,2015-09-30,1
93,2015-10-31,2
93,2015-12-31,1
93,2016-01-31,1
93,2016-03-31,1
93,2016-07-31,2
93,2016-12-31,1
93,2017-02-28,2
93,2017-03-31,1
93,2017-05-31,4
94,2014-01-31,1151
94,2014-02-28,1140
94,2014-03-31,1317
94,2014-04-30,1596
94,2014-05-31,1519
94,2014-06-30,1286
94,2014-07-31,1143
94,2014-08-31,1023
94,2014-09-30,1363
94,2014-10-31,1229
94,2014-11-30,863
94,2014-12-31,2153
94,2015-01-31,2512
94,2015-02-28,1049
94,2015-03-31,1517
94,2015-04-30,1486
94,2015-05-31,1231
94,2015-06-30,2155
94,2015-07-31,1403
94,2015-08-31,1670
94,2015-09-30,1589
94,2015-10-31,1465
94,2015-11-30,1195
94,2015-12-31,996
94,2016-01-31,1011
94,2016-02-29,1400
94,2016-03-31,1371
94,2016-04-30,1388
94,2016-05-31,1092
94,2016-06-30,950
94,2016-07-31,1025
94,2016-08-31,1141
94,2016-09-30,1150
94,2016-10-31,1340
94,2016-11-30,1212
94,2016-12-31,1333
94,2017-01-31,1416
94,2017-02-28,1318
94,2017-03-31,1221
94,2017-04-30,1255
94,2017-05-31,1273
94,2017-06-30,414
94,2017-07-31,1
94,2017-08-31,2
94,2017-09-30,4
94,2017-10-31,4
94,2017-11-30,4
95,2014-01-31,1
95,2014-02-28,2
95,2014-03-31,3
95,2014-04-30,2
95,2014-05-31,2
95,2014-06-30,1
95,2014-07-31,1
95,2014-09-30,3
95,2014-10-31,4
95,2014-11-30,1
95,2014-12-31,2
95,2015-01-31,1
95,2015-02-28,2
95,2015-03-31,2
95,2015-04-30,3
95,2015-05-31,1
95,2015-06-30,1
95,2015-07-31,2
95,2015-08-31,2
95,2015-09-30,4
95,2015-10-31,4
95,2016-01-31,1
95,2016-02-29,1
95,2016-03-31,1
95,2016-04-30,1
95,2016-06-30,1
95,2016-07-31,1
95,2016-08-31,1
95,2016-09-30,2
95,2016-10-31,2
95,2016-11-30,1
95,2017-01-31,2
95,2017-02-28,3
96,2014-01-31,7
96,2014-02-28,2
96,2014-03-31,6
96,2014-04-30,1
96,2014-05-31,6
96,2014-06-30,2
96,2014-07-31,9
96,2014-08-31,10
96,2014-09-30,4
96,2014-10-31,3
96,2014-11-30,12
96,2015-01-31,9
96,2015-02-28,10
96,2015-03-31,9
96,2015-04-30,9
96,2015-05-31,4
96,2015-06-30,10
96,2015-07-31,6
96,2015-08-31,8
96,2015-09-30,5
96,2015-10-31,5
96,2015-12-31,8
96,2016-01-31,6
96,2016-02-29,9
96,2016-03-31,9
96,2016-04-30,11
96,2016-05-31,6
96,2016-06-30,6
96,2016-07-31,2
96,2016-08-31,3
96,2016-09-30,7
96,2016-10-31,4
96,2016-11-30,7
96,2016-12-31,1
96,2017-01-31,4
96,2017-02-28,4
96,2017-03-31,5
96,2017-04-30,4
96,2017-06-30,1
97,2014-01-31,4
97,2014-02-28,5
97,2014-03-31,3
97,2014-04-30,2
97,2014-05-31,4
97,2014-06-30,4
97,2014-08-31,2
97,2014-09-30,3
97,2014-11-30,1
97,2015-02-28,1
97,2015-03-31,5
97,2015-04-30,4
97,2015-05-31,4
97,2015-06-30,3
97,2015-08-31,2
97,2015-09-30,1
97,2015-10-31,3
97,2015-12-31,1
97,2016-01-31,1
97,2016-02-29,4
97,2016-03-31,1
97,2016-04-30,2
97,2016-05-31,3
97,2016-07-31,2
97,2016-08-31,1
97,2016-10-31,2
97,2016-11-30,1
97,2016-12-31,2
97,2017-01-31,3
97,2017-02-28,2
97,2017-03-31,2
97,2017-05-31,3
98,2014-01-31,4
98,2014-02-28,3
98,2014-03-31,7
98,2014-04-30,2
98,2014-05-31,7
98,2014-06-30,4
98,2014-07-31,2
98,2014-08-31,6
98,2014-09-30,1
98,2014-10-31,2
98,2014-11-30,8
98,2014-12-31,3
98,2015-01-31,15
98,2015-03-31,2
98,2015-04-30,4
98,2015-05-31,2
98,2015-06-30,6
98,2015-07-31,3
98,2015-08-31,7
98,2015-09-30,2
98,2015-10-31,1
98,2015-12-31,1
98,2016-01-31,4
98,2016-02-29,10
98,2016-03-31,3
98,2016-04-30,6
98,2016-05-31,6
98,2016-06-30,7
98,2016-07-31,4
98,2016-08-31,5
98,2016-09-30,8
98,2016-10-31,7
98,2016-11-30,2
98,2016-12-31,8
98,2017-01-31,1
98,2017-02-28,7
98,2017-03-31,3
98,2017-04-30,2
98,2017-05-31,1
98,2017-06-30,1
99,2014-01-31,3
99,2014-02-28,5
99,2014-03-31,1
99,2014-04-30,4
99,2014-05-31,7
99,2014-06-30,4
99,2014-07-31,3
99,2014-08-31,6
99,2014-09-30,8
99,2014-10-31,8
99,2014-11-30,1
99,2014-12-31,5
99,2015-01-31,4
99,2015-02-28,3
99,2015-03-31,2
99,2015-04-30,2
99,2015-05-31,5
99,2015-06-30,6
99,2015-07-31,2
99,2015-08-31,3
99,2015-09-30,4
99,2015-10-31,4
99,2015-11-30,2
99,2016-01-31,3
99,2016-02-29,3
99,2016-03-31,2
99,2016-04-30,4
99,2016-05-31,4
99,2016-06-30,2
99,2016-07-31,2
99,2016-08-31,1
99,2016-09-30,3
99,2016-10-31,1
99,2016-11-30,2
99,2016-12-31,1
99,2017-01-31,2
99,2017-03-31,2
99,2017-04-30,3
99,2017-05-31,1
100,2014-01-31,628
100,2014-02-28,576
100,2014-03-31,664
100,2014-04-30,643
100,2014-05-31,881
100,2014-06-30,1051
100,2014-07-31,1448
100,2014-08-31,1737
100,2014-09-30,1077
100,2014-10-31,701
100,2014-11-30,679
100,2014-12-31,553
100,2015-01-31,439
100,2015-02-28,279
100,2015-03-31,435
100,2015-04-30,426
100,2015-05-31,665
100,2015-06-30,1026
100,2015-07-31,1317
100,2015-08-31,1554
100,2015-09-30,792
100,2015-10-31,530
100,2015-11-30,480
100,2015-12-31,748
100,2016-01-31,681
100,2016-02-29,633
100,2016-03-31,636
100,2016-04-30,659
100,2016-05-31,545
100,2016-06-30,784
100,2016-07-31,1323
100,2016-08-31,1127
100,2016-09-30,654
100,2016-10-31,489
100,2016-11-30,452
100,2016-12-31,558
100,2017-01-31,500
100,2017-02-28,569
100,2017-03-31,808
100,2017-04-30,640
100,2017-05-31,619
100,2017-06-30,434
100,2017-07-31,3
100,2017-08-31,4
100,2017-09-30,8
100,2017-10-31,2
100,2017-11-30,4
100,2017-12-31,2
101,2014-01-31,1037
101,2014-02-28,983
101,2014-03-31,1011
101,2014-04-30,722
101,2014-05-31,635
101,2014-06-30,486
101,2014-07-31,802
101,2014-08-31,1185
101,2014-09-30,1196
101,2014-10-31,866
101,2014-11-30,839
101,2014-12-31,631
101,2015-01-31,1140
101,2015-02-28,530
101,2015-03-31,691
101,2015-04-30,764
101,2015-05-31,654
101,2015-06-30,1243
101,2015-07-31,682
101,2015-08-31,765
101,2015-09-30,679
101,2015-10-31,716
101,2015-11-30,604
101,2015-12-31,549
101,2016-01-31,496
101,2016-02-29,609
101,2016-03-31,620
101,2016-04-30,754
101,2016-05-31,371
101,2016-06-30,291
101,2016-07-31,473
101,2016-08-31,691
101,2016-09-30,651
101,2016-10-31,606
101,2016-11-30,687
101,2016-12-31,654
101,2017-01-31,653
101,2017-02-28,509
101,2017-03-31,577
101,2017-04-30,530
101,2017-05-31,519
101,2017-06-30,133
101,2017-07-31,6
101,2017-08-31,1
101,2017-09-30,2
101,2017-10-31,2
101,2017-11-30,3
101,2017-12-31,4
102,2014-01-31,1984
102,2014-02-28,1724
102,2014-03-31,1921
102,2014-04-30,1850
102,2014-05-31,1825
102,2014-06-30,1690
102,2014-07-31,1739
102,2014-08-31,1837
102,2014-09-30,2019
102,2014-10-31,1889
102,2014-11-30,1855
102,2014-12-31,1446
102,2015-01-31,2694
102,2015-02-28,1491
102,2015-03-31,1663
102,2015-04-30,1738
102,2015-05-31,1471
102,2015-06-30,1857
102,2015-07-31,1426
102,2015-08-31,1554
102,2015-09-30,1524
102,2015-10-31,1494
102,2015-11-30,1406
102,2015-12-31,1420
102,2016-01-31,1578
102,2016-02-29,1630
102,2016-03-31,1751
102,2016-04-30,1925
102,2016-05-31,1692
102,2016-06-30,1084
102,2016-07-31,1345
102,2016-08-31,1488
102,2016-09-30,1524
102,2016-10-31,1543
102,2016-11-30,1549
102,2016-12-31,1360
102,2017-01-31,1602
102,2017-02-28,1702
102,2017-03-31,1722
102,2017-04-30,1591
102,2017-05-31,1454
102,2017-06-30,977
102,2017-07-31,2
102,2017-08-31,3
102,2017-09-30,2
102,2017-10-31,4
102,2017-11-30,5
102,2017-12-31,1
103,2014-01-31,3523
103,2014-02-28,3035
103,2014-03-31,3491
103,2014-04-30,3253
103,2014-05-31,3060
103,2014-06-30,2952
103,2014-07-31,2962
103,2014-08-31,3096
103,2014-09-30,3287
103,2014-10-31,2893
103,2014-11-30,2485
103,2014-12-31,2027
103,2015-01-31,4899
103,2015-02-28,2977
103,2015-03-31,3105
103,2015-04-30,3137
103,2015-05-31,2764
103,2015-06-30,3714
103,2015-07-31,2732
103,2015-08-31,2847
103,2015-09-30,2661
103,2015-10-31,2532
103,2015-11-30,2271
103,2015-12-31,2275
103,2016-01-31,1985
103,2016-02-29,2036
103,2016-03-31,2168
103,2016-04-30,2295
103,2016-05-31,2020
103,2016-06-30,1405
103,2016-07-31,1726
103,2016-08-31,1936
103,2016-09-30,2289
103,2016-10-31,2638
103,2016-11-30,2598
103,2016-12-31,2149
103,2017-01-31,2732
103,2017-02-28,2156
103,2017-03-31,2299
103,2017-04-30,2231
103,2017-05-31,2202
103,2017-06-30,1474
103,2017-07-31,4
103,2017-08-31,2
103,2017-09-30,4
103,2017-10-31,5
103,2017-11-30,8
103,2017-12-31,4
104,2014-01-31,2190
104,2014-02-28,1844
104,2014-03-31,2108
104,2014-04-30,1863
104,2014-05-31,1996
104,2014-06-30,1777
104,2014-07-31,1644
104,2014-08-31,1951
104,2014-09-30,2454
104,2014-10-31,1965
104,2014-11-30,1627
104,2014-12-31,1631
104,2015-01-31,4678
104,2015-02-28,1518
104,2015-03-31,1685
104,2015-04-30,1896
104,2015-05-31,1964
104,2015-06-30,2115
104,2015-07-31,1491
104,2015-08-31,1721
104,2015-09-30,1488
104,2015-10-31,1574
104,2015-11-30,1566
104,2015-12-31,1727
104,2016-01-31,1755
104,2016-02-29,1738
104,2016-03-31,2016
104,2016-04-30,2050
104,2016-05-31,1990
104,2016-06-30,1289
104,2016-07-31,1398
104,2016-08-31,1480
104,2016-09-30,1683
104,2016-10-31,1800
104,2016-11-30,1398
104,2016-12-31,1353
104,2017-01-31,1654
104,2017-02-28,1494
104,2017-03-31,1841
104,2017-04-30,1580
104,2017-05-31,1507
104,2017-06-30,1239
104,2017-07-31,8
104,2017-08-31,4
104,2017-09-30,6
104,2017-10-31,2
104,2017-11-30,2
104,2017-12-31,6
105,2014-01-31,1924
105,2014-02-28,1665
105,2014-03-31,1858
105,2014-04-30,1721
105,2014-05-31,2020
105,2014-06-30,1595
105,2014-07-31,1691
105,2014-08-31,1851
105,2014-09-30,2156
105,2014-10-31,1808
105,2014-11-30,1857
105,2014-12-31,1463
105,2015-01-31,1714
105,2015-02-28,1263
105,2015-03-31,1281
105,2015-04-30,1312
105,2015-05-31,1050
105,2015-06-30,1738
105,2015-07-31,1088
105,2015-08-31,1045
105,2015-09-30,1087
105,2015-10-31,1223
105,2015-11-30,1187
105,2015-12-31,1137
105,2016-01-31,1263
105,2016-02-29,1253
105,2016-03-31,1484
105,2016-04-30,1400
105,2016-05-31,1052
105,2016-06-30,919
105,2016-07-31,964
105,2016-08-31,1104
105,2016-09-30,1243
105,2016-10-31,1356
105,2016-11-30,1244
105,2016-12-31,1264
105,2017-01-31,1260
105,2017-02-28,1135
105,2017-03-31,1311
105,2017-04-30,1248
105,2017-05-31,1292
105,2017-06-30,595
105,2017-07-31,4
105,2017-08-31,6
105,2017-09-30,3
105,2017-10-31,4
105,2017-12-31,3
106,2014-01-31,1787
106,2014-02-28,1714
106,2014-03-31,1660
106,2014-04-30,1633
106,2014-05-31,1555
106,2014-06-30,1507
106,2014-07-31,1586
106,2014-08-31,1583
106,2014-09-30,1617
106,2014-10-31,1509
106,2014-11-30,1404
106,2014-12-31,1061
106,2015-01-31,1853
106,2015-02-28,1202
106,2015-03-31,1251
106,2015-04-30,1437
106,2015-05-31,1356
106,2015-06-30,1705
106,2015-07-31,1365
106,2015-08-31,1309
106,2015-09-30,1258
106,2015-10-31,1351
106,2015-11-30,1173
106,2015-12-31,1141
106,2016-01-31,1101
106,2016-02-29,1252
106,2016-03-31,1243
106,2016-04-30,1406
106,2016-05-31,1126
106,2016-06-30,840
106,2016-07-31,918
106,2016-08-31,1111
106,2016-09-30,1356
106,2016-10-31,1290
106,2016-11-30,1118
106,2016-12-31,1025
106,2017-01-31,1211
106,2017-02-28,1273
106,2017-03-31,1244
106,2017-04-30,1178
106,2017-05-31,983
106,2017-06-30,668
106,2017-07-31,1
106,2017-08-31,2
106,2017-09-30,2
106,2017-10-31,2
106,2017-12-31,1
107,2014-01-31,1672
107,2014-02-28,1464
107,2014-03-31,1786
107,2014-04-30,1587
107,2014-05-31,1455
107,2014-06-30,1338
107,2014-07-31,1283
107,2014-08-31,1282
107,2014-09-30,1429
107,2014-10-31,1269
107,2014-11-30,1172
107,2014-12-31,1085
107,2015-01-31,2006
107,2015-02-28,1187
107,2015-03-31,1493
107,2015-04-30,1355
107,2015-05-31,1276
107,2015-06-30,1653
107,2015-07-31,1200
107,2015-08-31,1202
107,2015-09-30,1080
107,2015-10-31,1211
107,2015-11-30,913
107,2015-12-31,902
107,2016-01-31,817
107,2016-02-29,972
107,2016-03-31,1287
107,2016-04-30,1192
107,2016-05-31,979
107,2016-06-30,688
107,2016-07-31,812
107,2016-08-31,883
107,2016-09-30,1040
107,2016-10-31,1052
107,2016-11-30,1054
107,2016-12-31,929
107,2017-01-31,1091
107,2017-02-28,1124
107,2017-03-31,1172
107,2017-04-30,958
107,2017-05-31,1003
107,2017-06-30,667
107,2017-07-31,5
107,2017-08-31,1
107,2017-09-30,2
107,2017-10-31,1
107,2017-11-30,5
107,2017-12-31,10
108,2014-01-31,2213
108,2014-02-28,1945
108,2014-03-31,2568
108,2014-04-30,2728
108,2014-05-31,2613
108,2014-06-30,2294
108,2014-07-31,2240
108,2014-08-31,2110
108,2014-09-30,2368
108,2014-10-31,2388
108,2014-11-30,2281
108,2014-12-31,2024
108,2015-01-31,5543
108,2015-02-28,1925
108,2015-03-31,2360
108,2015-04-30,2446
108,2015-05-31,2398
108,2015-06-30,3079
108,2015-07-31,2282
108,2015-08-31,2363
108,2015-09-30,2031
108,2015-10-31,2426
108,2015-11-30,2052
108,2015-12-31,1698
108,2016-01-31,1825
108,2016-02-29,1860
108,2016-03-31,2398
108,2016-04-30,2152
108,2016-05-31,2146
108,2016-06-30,1452
108,2016-07-31,1522
108,2016-08-31,1759
108,2016-09-30,1913
108,2016-10-31,2129
108,2016-11-30,1914
108,2016-12-31,1952
108,2017-01-31,1960
108,2017-02-28,1922
108,2017-03-31,2270
108,2017-04-30,2062
108,2017-05-31,2371
108,2017-06-30,2221
108,2017-07-31,6
108,2017-08-31,2
108,2017-09-30,7
108,2017-10-31,1
108,2017-11-30,1
108,2017-12-31,3
109,2014-01-31,4727
109,2014-02-28,4047
109,2014-03-31,5139
109,2014-04-30,4648
109,2014-05-31,4799
109,2014-06-30,4491
109,2014-07-31,4301
109,2014-08-31,5146
109,2014-09-30,4875
109,2014-10-31,4816
109,2014-11-30,3745
109,2014-12-31,3539
109,2015-01-31,6011
109,2015-02-28,3530
109,2015-03-31,4508
109,2015-04-30,4480
109,2015-05-31,4053
109,2015-06-30,4888
109,2015-07-31,3648
109,2015-08-31,3866
109,2015-09-30,3681
109,2015-10-31,4381
109,2015-11-30,3840
109,2015-12-31,3292
109,2016-01-31,3116
109,2016-02-29,3463
109,2016-03-31,4004
109,2016-04-30,3335
109,2016-05-31,2991
109,2016-06-30,2410
109,2016-07-31,2855
109,2016-08-31,3161
109,2016-09-30,3985
109,2016-10-31,4210
109,2016-11-30,3720
109,2016-12-31,2954
109,2017-01-31,3606
109,2017-02-28,2905
109,2017-03-31,3777
109,2017-04-30,3310
109,2017-05-31,3167
109,2017-06-30,2329
109,2017-07-31,4
109,2017-08-31,6
109,2017-09-30,5
109,2017-10-31,7
109,2017-11-30,9
109,2017-12-31,8
110,2014-01-31,2470
110,2014-02-28,2163
110,2014-03-31,2658
110,2014-04-30,2741
110,2014-05-31,2722
110,2014-06-30,2497
110,2014-07-31,2615
110,2014-08-31,3131
110,2014-09-30,3335
110,2014-10-31,2590
110,2014-11-30,2077
110,2014-12-31,1814
110,2015-01-31,3557
110,2015-02-28,2153
110,2015-03-31,2532
110,2015-04-30,2546
110,2015-05-31,2580
110,2015-06-30,3390
110,2015-07-31,2654
110,2015-08-31,3216
110,2015-09-30,2733
110,2015-10-31,2780
110,2015-11-30,2206
110,2015-12-31,2066
110,2016-01-31,2110
110,2016-02-29,2484
110,2016-03-31,2597
110,2016-04-30,2754
110,2016-05-31,2552
110,2016-06-30,1956
110,2016-07-31,2243
110,2016-08-31,2769
110,2016-09-30,2942
110,2016-10-31,3116
110,2016-11-30,2809
110,2016-12-31,2665
110,2017-01-31,2670
110,2017-02-28,2603
110,2017-03-31,2643
110,2017-04-30,2627
110,2017-05-31,2769
110,2017-06-30,1980
110,2017-07-31,8
110,2017-08-31,5
110,2017-09-30,10
110,2017-10-31,8
110,2017-11-30,9
110,2017-12-31,3
111,2014-01-31,1406
111,2014-02-28,1206
111,2014-03-31,1468
111,2014-04-30,1376
111,2014-05-31,1487
111,2014-06-30,1404
111,2014-07-31,1360
111,2014-08-31,1379
111,2014-09-30,1634
111,2014-10-31,1495
111,2014-11-30,1176
111,2014-12-31,989
111,2015-01-31,1570
111,2015-02-28,951
111,2015-03-31,1216
111,2015-04-30,1294
111,2015-05-31,1269
111,2015-06-30,1423
111,2015-07-31,1062
111,2015-08-31,1148
111,2015-09-30,1298
111,2015-10-31,1249
111,2015-11-30,1063
111,2015-12-31,1075
111,2016-01-31,1193
111,2016-02-29,1132
111,2016-03-31,1180
111,2016-04-30,1109
111,2016-05-31,1042
111,2016-06-30,713
111,2016-07-31,891
111,2016-08-31,957
111,2016-09-30,1041
111,2016-10-31,1086
111,2016-11-30,975
111,2016-12-31,1076
111,2017-01-31,1056
111,2017-02-28,986
111,2017-03-31,1035
111,2017-04-30,947
111,2017-05-31,1060
111,2017-06-30,809
111,2017-07-31,3
111,2017-08-31,2
111,2017-09-30,3
111,2017-10-31,1
111,2017-11-30,2
111,2017-12-31,1
112,2014-01-31,2845
112,2014-02-28,2448
112,2014-03-31,3633
112,2014-04-30,3289
112,2014-05-31,2975
112,2014-06-30,3153
112,2014-07-31,3095
112,2014-08-31,3123
112,2014-09-30,3226
112,2014-10-31,2992
112,2014-11-30,2674
112,2014-12-31,2278
112,2015-01-31,4462
112,2015-02-28,2499
112,2015-03-31,3198
112,2015-04-30,3071
112,2015-05-31,3136
112,2015-06-30,3623
112,2015-07-31,3021
112,2015-08-31,2946
112,2015-09-30,2733
112,2015-10-31,3348
112,2015-11-30,2891
112,2015-12-31,2292
112,2016-01-31,2333
112,2016-02-29,2257
112,2016-03-31,2782
112,2016-04-30,3045
112,2016-05-31,2431
112,2016-06-30,1679
112,2016-07-31,1817
112,2016-08-31,2041
112,2016-09-30,2334
112,2016-10-31,2634
112,2016-11-30,2376
112,2016-12-31,2147
112,2017-01-31,2424
112,2017-02-28,2490
112,2017-03-31,2735
112,2017-04-30,2712
112,2017-05-31,2283
112,2017-06-30,1906
112,2017-07-31,7
112,2017-08-31,4
112,2017-09-30,3
112,2017-10-31,4
112,2017-11-30,6
112,2017-12-31,9
113,2014-01-31,986
113,2014-02-28,883
113,2014-03-31,974
113,2014-04-30,974
113,2014-05-31,820
113,2014-06-30,905
113,2014-07-31,801
113,2014-08-31,1090
113,2014-09-30,1117
113,2014-10-31,1133
113,2014-11-30,1080
113,2014-12-31,1072
113,2015-01-31,1785
113,2015-02-28,582
113,2015-03-31,515
113,2015-04-30,501
113,2015-05-31,497
113,2015-06-30,775
113,2015-07-31,454
113,2015-08-31,419
113,2015-09-30,366
113,2015-10-31,358
113,2015-11-30,395
113,2015-12-31,348
113,2016-01-31,406
113,2016-02-29,348
113,2016-03-31,340
113,2016-04-30,408
113,2016-05-31,317
113,2016-06-30,282
113,2016-07-31,493
113,2016-08-31,332
113,2016-09-30,447
113,2016-10-31,395
113,2016-11-30,392
113,2016-12-31,326
113,2017-01-31,361
113,2017-02-28,325
113,2017-03-31,507
113,2017-04-30,431
113,2017-05-31,442
113,2017-06-30,95
113,2017-07-31,5
113,2017-08-31,1
113,2017-09-30,3
113,2017-10-31,2
113,2017-11-30,4
114,2014-01-31,4364
114,2014-02-28,4167
114,2014-03-31,5218
114,2014-04-30,4879
114,2014-05-31,5135
114,2014-06-30,5428
114,2014-07-31,4870
114,2014-08-31,5036
114,2014-09-30,5483
114,2014-10-31,5166
114,2014-11-30,3965
114,2014-12-31,3466
114,2015-01-31,7191
114,2015-02-28,4084
114,2015-03-31,5214
114,2015-04-30,4572
114,2015-05-31,4850
114,2015-06-30,5755
114,2015-07-31,4281
114,2015-08-31,4730
114,2015-09-30,4528
114,2015-10-31,4951
114,2015-11-30,4023
114,2015-12-31,3587
114,2016-01-31,3986
114,2016-02-29,4144
114,2016-03-31,4595
114,2016-04-30,4691
114,2016-05-31,4682
114,2016-06-30,3103
114,2016-07-31,3782
114,2016-08-31,4444
114,2016-09-30,4942
114,2016-10-31,5660
114,2016-11-30,4636
114,2016-12-31,4296
114,2017-01-31,4649
114,2017-02-28,4649
114,2017-03-31,5605
114,2017-04-30,4815
114,2017-05-31,4674
114,2017-06-30,4053
114,2017-07-31,9
114,2017-08-31,6
114,2017-09-30,11
114,2017-10-31,6
114,2017-11-30,11
114,2017-12-31,10
115,2014-01-31,3770
115,2014-02-28,3344
115,2014-03-31,4253
115,2014-04-30,4112
115,2014-05-31,4459
115,2014-06-30,4263
115,2014-07-31,3610
115,2014-08-31,3884
115,2014-09-30,4073
115,2014-10-31,3840
115,2014-11-30,3688
115,2014-12-31,2860
115,2015-01-31,5676
115,2015-02-28,3438
115,2015-03-31,3901
115,2015-04-30,3850
115,2015-05-31,3687
115,2015-06-30,4526
115,2015-07-31,3176
115,2015-08-31,3272
115,2015-09-30,3157
115,2015-10-31,3262
115,2015-11-30,3000
115,2015-12-31,2613
115,2016-01-31,2527
115,2016-02-29,2914
115,2016-03-31,3345
115,2016-04-30,3118
115,2016-05-31,3033
115,2016-06-30,1944
115,2016-07-31,2416
115,2016-08-31,2760
115,2016-09-30,2975
115,2016-10-31,2974
115,2016-11-30,2765
115,2016-12-31,2581
115,2017-01-31,2734
115,2017-02-28,2727
115,2017-03-31,3133
115,2017-04-30,2712
115,2017-05-31,2703
115,2017-06-30,2013
115,2017-07-31,4
115,2017-08-31,1
115,2017-09-30,5
115,2017-10-31,3
115,2017-11-30,4
115,2017-12-31,2
116,2014-01-31,7
116,2014-02-28,4
116,2014-03-31,5
116,2014-04-30,5
116,2014-05-31,2
116,2014-06-30,5
116,2014-07-31,3
116,2014-08-31,7
116,2014-09-30,4
116,2014-10-31,4
116,2014-11-30,4
116,2014-12-31,2
116,2015-02-28,3
116,2015-03-31,9
116,2015-04-30,7
116,2015-05-31,2
116,2015-06-30,12
116,2015-07-31,3
116,2015-08-31,3
116,2015-09-30,3
116,2015-10-31,9
116,2015-11-30,6
116,2016-01-31,6
116,2016-02-29,3
116,2016-03-31,8
116,2016-04-30,10
116,2016-05-31,13
116,2016-06-30,7
116,2016-07-31,14
116,2016-08-31,9
116,2016-09-30,10
116,2016-10-31,8
116,2016-11-30,6
116,2016-12-31,9
116,2017-01-31,5
116,2017-02-28,2
116,2017-03-31,1
116,2017-04-30,5
116,2017-05-31,2
117,2014-01-31,7
117,2014-02-28,9
117,2014-03-31,6
117,2014-04-30,2
117,2014-05-31,5
117,2014-06-30,2
117,2014-08-31,4
117,2014-09-30,5
117,2014-10-31,2
117,2014-11-30,1
117,2014-12-31,1
117,2015-01-31,4
117,2015-02-28,2
117,2015-03-31,3
117,2015-04-30,3
117,2015-06-30,3
117,2015-07-31,6
117,2015-08-31,5
117,2015-09-30,11
117,2015-10-31,2
117,2015-11-30,2
117,2015-12-31,2
117,2016-01-31,2
117,2016-02-29,6
117,2016-03-31,1
117,2016-04-30,2
117,2016-05-31,1
117,2016-06-30,1
117,2016-07-31,5
117,2016-08-31,5
117,2016-09-30,2
117,2016-10-31,2
117,2016-11-30,1
117,2016-12-31,3
117,2017-01-31,8
117,2017-02-28,8
117,2017-03-31,4
117,2017-04-30,2
117,2017-05-31,9
117,2017-06-30,5
118,2014-01-31,7
118,2014-02-28,3
118,2014-03-31,8
118,2014-04-30,3
118,2014-05-31,2
118,2014-06-30,8
118,2014-07-31,5
118,2014-08-31,5
118,2014-09-30,18
118,2014-10-31,10
118,2014-11-30,5
118,2014-12-31,18
118,2015-01-31,6
118,2015-02-28,7
118,2015-03-31,9
118,2015-04-30,7
118,2015-05-31,11
118,2015-06-30,9
118,2015-07-31,8
118,2015-08-31,16
118,2015-09-30,5
118,2015-10-31,1
118,2015-11-30,3
118,2015-12-31,3
118,2016-01-31,10
118,2016-02-29,4
118,2016-03-31,1
118,2016-04-30,3
118,2016-05-31,5
118,2016-06-30,3
118,2016-07-31,1
118,2016-08-31,6
118,2016-09-30,2
118,2016-10-31,2
118,2016-11-30,5
118,2016-12-31,1
118,2017-01-31,6
118,2017-02-28,3
118,2017-03-31,2
118,2017-04-30,3
118,2017-05-31,1
118,2017-06-30,1
119,2014-02-28,3
119,2014-03-31,5
119,2014-04-30,2
119,2014-05-31,2
119,2014-06-30,2
119,2014-07-31,3
119,2014-08-31,3
119,2014-09-30,2
119,2014-10-31,4
119,2014-11-30,6
119,2014-12-31,3
119,2015-01-31,2
119,2015-02-28,36
119,2015-03-31,3
119,2015-04-30,3
119,2015-05-31,1
119,2015-06-30,1
119,2015-08-31,4
119,2015-10-31,1
119,2015-12-31,7
119,2016-01-31,1
119,2016-02-29,3
119,2016-04-30,4
119,2016-05-31,6
119,2016-06-30,4
119,2016-07-31,4
119,2016-08-31,1
119,2016-09-30,4
119,2016-10-31,1
119,2016-11-30,5
119,2016-12-31,4
119,2017-01-31,1
119,2017-02-28,3
119,2017-03-31,6
119,2017-05-31,2
119,2017-06-30,3
119,2017-09-30,1
120,2014-01-31,643
120,2014-02-28,580
120,2014-03-31,818
120,2014-04-30,628
120,2014-05-31,659
120,2014-06-30,772
120,2014-07-31,620
120,2014-08-31,618
120,2014-09-30,749
120,2014-10-31,604
120,2014-11-30,590
120,2014-12-31,545
120,2015-01-31,1119
120,2015-02-28,458
120,2015-03-31,425
120,2015-04-30,564
120,2015-05-31,575
120,2015-06-30,697
120,2015-07-31,501
120,2015-08-31,480
120,2015-09-30,479
120,2015-10-31,370
120,2015-11-30,373
120,2015-12-31,514
120,2016-01-31,444
120,2016-02-29,472
120,2016-03-31,488
120,2016-04-30,399
120,2016-05-31,354
120,2016-06-30,328
120,2016-07-31,315
120,2016-08-31,339
120,2016-09-30,447
120,2016-10-31,479
120,2016-11-30,471
120,2016-12-31,544
120,2017-01-31,532
120,2017-02-28,485
120,2017-03-31,626
120,2017-04-30,658
120,2017-05-31,470
120,2017-06-30,315
120,2017-07-31,1
120,2017-08-31,1
120,2017-09-30,1
120,2017-11-30,1
120,2017-12-31,1
121,2014-01-31,727
121,2014-02-28,705
121,2014-03-31,724
121,2014-04-30,690
121,2014-05-31,705
121,2014-06-30,659
121,2014-07-31,689
121,2014-08-31,715
121,2014-09-30,831
121,2014-10-31,665
121,2014-11-30,612
121,2014-12-31,357
121,2015-01-31,703
121,2015-02-28,577
121,2015-03-31,601
121,2015-04-30,471
121,2015-05-31,499
121,2015-06-30,793
121,2015-07-31,474
121,2015-08-31,500
121,2015-09-30,522
121,2015-10-31,500
121,2015-11-30,488
121,2015-12-31,470
121,2016-01-31,472
121,2016-02-29,449
121,2016-03-31,473
121,2016-04-30,436
121,2016-05-31,221
121,2016-06-30,353
121,2016-07-31,415
121,2016-08-31,395
121,2016-09-30,436
121,2016-10-31,413
121,2016-11-30,455
121,2016-12-31,502
121,2017-01-31,318
121,2017-02-28,313
121,2017-03-31,393
121,2017-04-30,296
121,2017-05-31,364
121,2017-06-30,87
121,2017-08-31,2
121,2017-09-30,2
121,2017-12-31,1
122,2014-01-31,847
122,2014-02-28,754
122,2014-03-31,912
122,2014-04-30,972
122,2014-05-31,1147
122,2014-06-30,1039
122,2014-07-31,690
122,2014-08-31,912
122,2014-09-30,771
122,2014-10-31,814
122,2014-11-30,612
122,2014-12-31,761
122,2015-01-31,915
122,2015-02-28,431
122,2015-03-31,419
122,2015-04-30,538
122,2015-05-31,603
122,2015-06-30,829
122,2015-07-31,570
122,2015-08-31,670
122,2015-09-30,649
122,2015-10-31,554
122,2015-11-30,518
122,2015-12-31,617
122,2016-01-31,637
122,2016-02-29,627
122,2016-03-31,448
122,2016-04-30,418
122,2016-05-31,370
122,2016-06-30,400
122,2016-07-31,447
122,2016-08-31,449
122,2016-09-30,568
122,2016-10-31,540
122,2016-11-30,467
122,2016-12-31,595
122,2017-01-31,569
122,2017-02-28,614
122,2017-03-31,604
122,2017-04-30,461
122,2017-05-31,443
122,2017-06-30,262
122,2017-07-31,2
122,2017-08-31,3
122,2017-11-30,4
122,2017-12-31,1
123,2014-01-31,553
123,2014-02-28,541
123,2014-03-31,526
123,2014-04-30,438
123,2014-05-31,470
123,2014-06-30,513
123,2014-07-31,438
123,2014-08-31,774
123,2014-09-30,711
123,2014-10-31,588
123,2014-11-30,586
123,2014-12-31,387
123,2015-01-31,586
123,2015-02-28,321
123,2015-03-31,329
123,2015-04-30,421
123,2015-05-31,468
123,2015-06-30,730
123,2015-07-31,365
123,2015-08-31,316
123,2015-09-30,366
123,2015-10-31,374
123,2015-11-30,365
123,2015-12-31,364
123,2016-01-31,325
123,2016-02-29,279
123,2016-03-31,332
123,2016-04-30,345
123,2016-05-31,191
123,2016-06-30,220
123,2016-07-31,229
123,2016-08-31,259
123,2016-09-30,207
123,2016-10-31,268
123,2016-11-30,271
123,2016-12-31,274
123,2017-01-31,241
123,2017-02-28,184
123,2017-03-31,217
123,2017-04-30,230
123,2017-05-31,251
123,2017-06-30,63
123,2017-07-31,2
123,2017-08-31,2
123,2017-09-30,4
123,2017-10-31,2
123,2017-11-30,3
123,2017-12-31,2
