Date,0,1,2,3,4,5,6,7,8,9,10,11,12,13,14,15,16,17,18,19,20,21,22,23,24,25,26,27,28,29,30,31,32,33,34,35,36,37,38,39,40,41,42,43,44,45,46,47,48,49,50,51,52,53,54,55,56,57,58,60,61,62,63,64,65,66,67,68,69,70,71,72,73,74,75,76,77,78,79,80,81,82,83,84,85,86,87,88,89,90,91,92,93,94,95,96,97,98,99,100,101,102,103,104,105,106,107,108,109,110,111,112,113,114,115,116,117,118,119,120,121,122,123
2016-01-30,8.741402265910743,51.53707130800535,1.2787540079514956,1.6457953432976284,1.1009108213970373,24.933379897994897,54.42221789805839,31.08767160436392,1.5928034187448226,44.262113413650454,55.42302270136999,0.5996770819197182,2.650234108616813,107.49190960771928,35.37234836389348,2.042021421316928,1.2473984283942239,52.800009775992876,32.91525422601252,121.12153289619263,6.079485799616819,1.0380838187083372,3.459366430025282,20.468406727528418,54.89050029578357,17.045430459846852,0.5163841332686729,2.9415203777253005,24.967150134384713,1.2118977593213027,35.89520968558897,1.140758329187314,23.602777208492256,51.02961116823984,45.86185270612421,1.1181404114221063,1.4447978767127214,1.623842109677556,1.0739903552898982,1.0367660572752846,30.241994628998803,17.229374752872502,18.97532956935798,23.578629511362195,32.368590379917904,25.738106191018787,30.1533289082834,53.05660883836102,21.056848775593853,26.40950745716671,31.505230622897482,1.1283693786168945,61.7885275868297,1.1514266169247045,1.056518881772539,1.1470365059223009,1.2272020184098626,1.3102357424343265,1.2414340091551352,25.028463608354492,15.960208836490295,61.11591616313555,16.71881962341925,1.196985601321656,1.3051880047670474,-18.497661157581916,70.35840823891584,11.341559671883118,22.350277049018004,53.5024242491842,14.749644426491585,1.834460237171072,35.47018260378583,1.7709017273968521,33.29602124151876,9.735162159597593,13.74847868108602,15.997677644910468,9.539590351861932,1.3835740601762376,13.83937078928168,1.4720746035836945,9.151728818370628,27.626693145538397,1.2552546369937785,1.3705849217811474,1.3832450621309955,25.64898437169038,1.794960206076807,13.211008157232072,1.3221343937199228,1.222053574776544,1.100679468609791,19.551378237838897,1.0610465801804687,1.2555881361158518,1.3104828567305442,1.503359749925775,1.1302877047170043,12.602383909382603,12.816494763801053,47.79399372891567,29.904451807311673,36.005235815076134,42.72873641534042,17.234377544067698,6.639702641558674,29.275427125768374,40.10188873741239,49.08761746012377,23.553398679895665,1.536761600388811,13.323768023655894,25.536855424473345,60.08839977105502,1.1616885082879702,1.292392239289471,1.0860345529269986,1.681707921594867,-8.83240569687311,14.212201015685014,23.95714015247193,9.450876890370163
2016-01-31,22.902468647629007,123.4169208106982,1.3660645617976561,1.5197991208825221,1.0181321536963086,49.42165929792348,47.33667623000939,54.5333685548358,1.5395127158028257,34.02569200855441,73.39782397600905,1.3352046718211064,1.166124326823323,116.12181725790944,123.83101194441693,0.5535660751422422,1.0875152795699554,75.1452907174797,66.19771260632074,263.8435164919216,60.58396375969531,1.1367483818080775,3.4071803613158895,56.86537917757914,85.77298586531916,27.167520270275958,4.1621366360154255,-0.6229682838651627,47.48413089735838,1.3215525905345444,42.77905937604704,1.1951155276089322,68.63582493306899,67.76839957538476,76.41873660536211,1.0971351466444452,0.9994984161423814,1.2057808741509173,1.0783482083918712,1.351084125519432,37.22914666943104,31.15327035181157,44.95408500229337,63.41773028592627,46.74608460867957,40.75787822049934,77.86496800024723,86.19180929992623,38.375729815341344,47.77831528885836,33.02841586837496,1.1925083864381756,91.37184503256623,1.4517136818389882,1.1332255045470998,1.1655228479972708,1.0871980675608384,1.1960999848603533,1.3745625786849462,37.67061975167266,66.06765691063248,76.44297789952833,27.636179337182085,1.1488644363286704,1.5261430288013362,77.88330219333702,86.6980887866975,93.42641549799913,48.1395068416178,132.0855177524308,60.188597702415144,29.80703950836004,51.612643706879865,1.6542547719533327,91.5656223727478,13.976709733334069,42.87461111964781,46.97892238128475,51.66415329624526,1.2785998300289314,36.07809541621043,1.3468537457305474,51.770342435453614,83.37490451113872,1.2083002984694717,1.3720681763820277,1.2570535712824809,40.97321184379972,1.56314158380534,46.38644097983148,1.1067255723048657,1.510119286108585,1.1010308739661667,39.087066089230035,1.1156067389258855,1.419540392976979,1.2814095593189614,1.5190045235846683,1.164696853446394,9.8882106177457,17.06486825349787,57.625460180893064,79.64758462383422,56.65655864774959,53.44984053343927,42.61110172623323,33.101193613116806,57.301526812520194,60.75830195372899,40.118994090966794,35.93096729012,32.39810045199054,28.447705383302196,85.67960867321003,103.15885809030465,1.310304355483674,1.2730869645331988,0.9634353037788996,1.1448845385576916,-3.7613357289424485,12.764955841454395,13.41722630994676,14.378130116050515
2016-02-01,38.095420399367605,105.25464401339784,1.3796038670355868,1.4398689483118268,1.1273299723294006,51.380180247588044,85.86152434935933,51.600292542780316,1.8029801407573907,58.40427731116533,74.80597237641436,1.498016790710498,2.1483403038145146,122.86287828646542,167.78155420331888,1.6679535658664895,1.5189126347639306,57.15956052358471,146.7289796470372,298.2773229034848,109.96205580244444,1.2291240661405478,1.2544807904046191,55.89017496487395,87.4130402746751,61.64629486709154,24.098032664240314,7.325345112178454,53.54384153954289,1.3616621357339334,45.72047500101792,1.0785620950123844,65.57549395392029,78.65050716531019,86.2648229210453,1.1309896052125334,0.7940692980716801,1.1626643449669658,1.1577021210875722,1.3755085427997098,64.08791917171402,37.26088083486013,40.70276066839868,71.89322899051598,58.63015904939718,36.4496571506611,95.65882123695135,80.6297325612268,48.70532324426872,66.4353118360568,54.25646414646791,1.0995472754165163,97.9302229644773,1.141942192163545,1.2085587731401293,1.0215071921070478,1.2418969630089458,1.496912584598134,1.4188398170763739,50.061201418129336,92.04768596427536,92.12077201127371,49.22243558556988,1.4330077112457866,1.3885136901196136,88.72212638700975,89.82989147969113,84.48661221510542,49.6850269899964,144.432061125131,73.64022046363348,41.32756061777992,47.45624246823088,1.5293007965850152,94.50064907316487,33.442600218241154,39.356682521589875,81.88309612966748,44.858324317537,1.4148479007141384,35.64260916023318,1.8854957193862334,43.18256945929727,92.22793732203235,1.207365077550399,1.361837284489278,1.5022625592969672,43.99182573421868,1.5239329610511665,63.80408417422203,1.2913046570317905,1.2904311192574531,1.0906044008066478,48.96705441069414,1.0668680445493233,1.3722582361955262,1.1871998594903612,1.374574103449326,1.1954848884970775,26.81807642069907,28.859518563466413,67.66027846475978,85.62637605158666,83.38321213931198,40.50999337096381,45.691654555833225,39.84622577004751,85.98923855621126,139.93901316865578,85.49813105748382,48.68055735206424,69.26607677196131,21.05858602928796,138.0328070460886,115.14070500052541,1.2325187867727894,1.393250338075847,1.3986406673457397,1.4792952610060648,15.501032838158416,22.306126320468792,26.709342651665224,11.997707665342338
2016-02-02,24.052387915239656,120.99935240634315,0.8636030466752533,1.304516697625576,1.4120988226250528,83.5814259014149,106.39123787115567,54.951255213341206,1.5617537239365311,60.16491987190398,82.43092499862418,1.7471702930418513,1.7937727586626329,143.55249306868006,183.40196374597957,1.200616141637835,1.3731160577622226,76.18429178694592,227.89423859775064,379.75029119151975,109.51950283343939,1.3218738004505677,4.028019834167006,71.18104560354107,104.99361797735915,47.03797153550268,29.067466171701174,5.1256162770568245,49.224119598488464,1.5230413257715154,59.114732170846445,1.101909676028844,59.02755066607727,59.712208228195664,102.91177020444877,1.1144616736088793,1.1675271944740593,1.300812992951166,1.1065755088554012,1.3319481982048649,69.66268120311935,30.898257852486132,40.121328541562946,75.01922655043745,58.077610087466844,37.61421487909753,73.62650219811914,59.355450618392624,54.60690615174538,77.88606054520663,46.21716165727831,1.0892117209538725,99.0913211991183,1.1920231980230152,1.1737970832434095,1.1532590842352701,1.2679791287612272,1.5115356154170532,1.621645067460606,48.14645974977021,97.66746813787942,114.20015666201581,45.30300575526496,1.1304577834886844,1.1398128034361683,98.22759603920547,72.69412784889681,103.79219844765113,30.934576595727645,134.82834859020383,74.99073915130765,50.23758828198002,57.70088274779516,1.4623997773201047,83.83072056391617,39.03236782354781,61.104280152327874,91.22848936582771,49.50444937621549,1.2933328189089766,32.55386282429996,1.2330671922364587,64.04193620881907,126.02939236215525,1.2708210486538192,1.5257118689081226,1.5514869018390929,40.457980047228105,1.3925899631996712,66.19016822230793,1.235358812375752,1.2350102129666682,1.1043391576239976,51.62016888847728,1.0866739161745278,1.5334027336535203,1.082652545690268,1.4053420123023326,1.243299204826449,18.61990980404955,25.373666019899513,61.64642493571511,95.41358259009033,67.0401948318138,45.20530121479821,50.88775244239584,39.31076289893708,72.72531858019212,125.17057521182434,85.32012960207483,43.19728274691907,88.68078051502313,28.23302912658073,138.82203470537723,95.92393559228964,1.3480323326683472,1.2955417401899227,1.630499444424229,1.2475828960231035,13.098309084003333,25.806348724052498,8.760626979800307,13.662068777005583
2016-02-03,38.36598521251873,150.54731570043614,1.5893954412392461,1.152248837028127,1.4036983696539398,64.88053145905826,112.92293595032871,61.406179209483156,1.4542242164986612,66.56753132169143,89.30767490932172,1.698365411886496,2.390811656526996,146.0588200845594,197.3979954348294,1.879439856552755,1.339102747446904,85.7055700351631,209.83718951245444,377.19950298027766,118.44684868215029,1.1919720559049205,2.3159542012673917,81.17638125277206,119.03852768858286,60.61055901410884,44.03773128168157,5.063947765427134,68.58613422347597,1.5304749037282712,52.822220084449306,1.1029260427485275,62.33168160988372,71.33716699352507,89.9648020697623,1.2222885684444942,1.5171443843619181,1.2748561950635975,1.1649532107918599,1.2467075257440967,75.3795485773774,33.597940208170925,46.59143851215535,70.17954197095371,63.62915880805433,46.49147422978987,83.61727901765926,71.91208721246794,52.25331302770567,71.97067894356131,46.37880323186748,1.0951448300344708,117.93181646951744,1.286197437409188,1.1765475446655118,1.157217358357161,1.229034798950602,1.40268605478138,1.4252772536622689,54.63955365372524,95.60504770863368,83.78704924169912,41.82822279093031,1.2409619683437785,1.2639317656435352,138.2236765749659,86.39093230669485,103.25325553911088,43.21944004797026,138.40981780351913,78.0655702784645,52.8133600862661,65.2652798139213,1.489115253342313,118.67718500679916,42.74273265870343,60.968130791104784,71.33334184439175,88.32929562642454,1.1180722395404763,45.18399574225851,1.6740318057261685,75.3677406690362,131.43884919721194,1.0464422521532386,1.095815106268735,1.1167712107488756,47.97720536509344,1.5171821190158896,71.25814920182758,1.2089955109749058,1.2875492893546914,1.1163680903810649,59.50973149161614,1.1333117177098622,1.1799856464027676,1.167974470626974,1.6086394227487295,1.2156379512464515,20.95853077883239,29.771319816720656,57.707023623860444,109.2625136014252,59.25378163998191,48.78325320278498,43.080033952178646,42.62955457001527,75.50270670127055,111.95957290519452,93.35668318129504,45.85522365413256,82.33734399841263,34.59106690688544,142.13010391304505,115.41143848336428,1.3330009765546924,1.2892793774218945,1.3058886515556902,1.4803232679155662,10.623504347471808,26.162655852530662,21.44454416990715,25.215892993129003
2016-02-04,38.541639738473904,145.68157725957204,1.4972784601911222,1.4051656475536936,1.4535757543473622,78.56986715026109,130.66972806805202,69.2679646521122,1.3908896451343473,73.23564977896442,95.71491364455544,1.639683334959757,2.704859032767578,161.05621429703746,213.1483622245625,1.7353037171856491,1.3456726807612351,92.61183949478682,210.3916567113053,459.66420219277876,153.50217084659755,1.2054193925473815,3.698426822646992,73.02686142751243,121.73536024062855,70.56468235909412,46.092643368140585,13.037081063783361,72.84576384643827,1.548648870899752,60.51823422014455,1.122601720863653,68.06029223240127,75.4301408242537,114.86309852019595,1.1803261104558933,1.334838200057893,1.2692616933615763,1.1953090730617062,1.2654011714706155,70.72852918071837,37.21702812962438,47.1389228381273,82.93231030456187,57.685387762621204,57.27516559193206,100.8230781764716,68.37800664495846,56.1735335049562,89.31121993007486,56.235011985285716,1.0765184347895078,129.45100239943818,1.2581993870156865,1.2298118942793663,1.1337992095053775,1.2077880099947893,1.3472457416826673,1.435007495997641,66.50846682221326,116.30972108759094,101.64964528597946,48.75485057553291,1.1786727498288396,1.4855192096449694,115.39049545508311,80.75046465492456,115.69344759729609,44.17025063619154,155.26997224627002,86.78476820819542,69.47214023211859,68.81465889409796,1.5762084953156132,106.62858534466667,46.76800577986016,66.08793611899429,110.17890275186112,75.65164153311353,1.1540307271740455,40.7834390951208,1.6138334750882717,70.74530652403874,141.8878087878187,1.1498360914260635,1.1725628583425554,1.445660110176361,56.45924682170768,1.5655934501177247,69.80970987886109,1.2501325713688183,1.164963607369068,1.1035295432860965,53.26954318710259,1.1113810034617546,1.1584556845902612,1.1319804606933854,1.1608141852127578,1.1591630395083894,27.890724726625177,28.992581934460304,68.46432645774091,104.64713476689387,71.60502996045817,52.380152150843855,50.41614029339998,49.15311198838326,97.66298655028791,159.5643295715759,98.72631936386111,52.177222058536174,101.698628158475,32.101892208151654,177.22145035488876,121.39797349937709,1.216739110345054,1.2226593254596967,1.3820513187937067,1.4689748762772572,26.675998054949275,24.071124388755024,34.20916640994392,18.00569973044123
2016-02-05,40.29045869094941,132.32265728263707,1.801012225461899,1.6127394271862174,1.2566919753573984,84.02404630065594,119.9685321616229,67.6987939406718,1.4517348967762809,75.64409526638204,84.33132263374375,1.3326560619578656,2.030633220653149,136.18540212509876,155.54217816290702,1.6893744654465581,1.481607769897892,83.71773053023328,185.5904441111987,331.3587600713113,119.98023974395073,1.2575664306327836,2.4647205439672817,60.709755275654715,90.57015311179379,67.99892667058607,36.03402105650784,7.598331416202061,57.594521524833205,1.4003303356711962,47.8119263217165,1.1600506233333057,59.35354747693759,63.42201904396961,95.63919455986058,1.1718592777578414,1.3528332158811285,1.1379454354998213,1.1378073862528715,1.2134255390070463,59.33776647469948,38.20271566557349,42.04002963146442,90.51550042760884,51.83774329277037,53.69398577097999,70.77111635024953,71.94299754427428,47.556289384737646,72.25125872884011,45.32557937638959,1.0870661497851501,119.55216758734645,1.2437996437472145,1.1737111052590612,1.1099207672609719,1.2042874893213906,1.398341089511738,1.6792162119165936,56.578141196499985,99.28714383147373,85.62578133828593,47.21226243018765,1.1601354803319417,1.0986741135648277,79.77199446008561,93.98741572962459,100.2462788662815,45.09482557618645,107.1919820362142,73.72902078045172,54.00570662350712,66.8406066514073,1.4949624810195354,88.781669620839,37.802076482083265,65.39554933561853,88.11803142489333,50.82883176876577,1.2144592590059295,34.733283222468295,1.66844946822254,60.55577641649799,134.54994943739956,1.1262556216003543,1.0821887253262532,1.6664752265529639,38.61698494591319,1.642688412598393,53.40348046669074,1.209278885821935,1.1510626907844128,1.0565915911910286,44.24231951559199,1.0698756461693915,1.1169611666736312,1.12168820277647,1.2231092786522642,1.1238278671353943,35.799048806366024,32.50279163715616,60.804142148562335,101.17974707333363,56.323427553735655,57.010518706108826,59.57623133926762,42.92571873525366,65.03395726742983,132.26351174670708,98.45161079509937,42.67902869547554,82.84088293706121,41.474896009220004,164.59052399493936,121.11884871940488,1.2656450789493654,1.2751013759585383,1.359841094611612,1.654773259421731,16.25597126742764,17.9843068185223,33.15882077473685,22.071796459745798
2016-02-06,34.23502811812874,84.13268498749346,1.8445678827536929,1.442160877105462,1.3603047400614896,54.6781506213341,72.8819250694198,51.119456858267476,1.2229487651628759,48.693895701373435,71.28798580742341,1.3421964147211993,1.7462135915751071,89.56302104741913,98.4143379421647,1.5682973696488993,1.3475764140690005,46.42224187983078,120.91635517830093,174.6332871931333,72.8882016274124,1.2831771150610731,2.9157000666326365,35.79898128433217,65.43616398963357,48.68492420437539,25.68325064422035,9.312984732946546,40.93922737169029,1.2484567295553317,44.07179736945345,1.1361538261482713,56.93015228543595,51.990015325981155,73.70416884742808,1.1800385372805828,1.3993623691631782,1.2990194967440727,1.1254215411623283,1.2521220662211663,48.91587453433161,31.05420133047616,38.632527926868605,77.05985820813765,51.63386893911077,39.84498753782746,58.51898918484505,68.31743188267191,30.166020288569353,35.977065996104265,38.66223051253475,1.0955701778631897,93.47280694354127,1.2212017996438898,1.2210693812590065,1.1166570858226217,1.211970632242717,1.4231826988802048,1.242405176139084,37.864547780832766,58.74550982456799,55.78033143149316,33.630697358491744,1.2700527401603035,1.4373395297497296,69.0523496855263,85.11424197942682,55.73384888059542,36.04980387496491,75.93523059326239,54.751562262448665,37.8100283666861,54.9930491117038,1.4261369455280857,86.36919017030336,23.702081907765006,49.86144015917553,38.12689865008804,55.06585539793425,1.2989318022135874,24.221626345813732,1.6183136586677942,43.89690551760533,62.942127601028176,1.0895187539175843,1.1677792123748993,1.509266148191727,32.157426930256534,1.4121591032943528,39.16451149303592,1.242307709626371,1.259244320167696,1.0688855918977231,34.44359963118855,1.1115453477749027,1.2532358380576016,1.1263800984208916,1.0946155381709408,1.1197816423290288,28.815826759961002,28.934707169290736,42.092926933252606,62.44962371108272,59.31010622101445,45.27639583970567,33.93676224610893,20.214021518452036,37.26829684601911,86.59382229143128,66.10797997783375,31.99623723413515,48.42526795791935,35.60673001008251,78.24136667292112,82.73672177145866,1.248541424804058,1.2759382630553695,1.2991736410910295,1.5366168446544841,17.369939509135584,13.19203382096229,29.058345198446123,20.14901812607345
2016-02-07,33.834114748498365,108.38605882547645,1.6197421321003813,1.4373495237464313,1.4986556374433144,73.27135238816311,86.74641456313486,65.5967927359773,1.3083645207889223,66.2209525925613,81.3015039404164,1.4637128307489775,2.012272179878235,138.50218298821977,146.28021590210793,2.1958214581184317,1.3104595833689288,73.24169094818821,168.12948254899618,282.7942452612167,113.29968592835627,1.3118333550484966,3.4050369650820453,62.17413177822267,78.57048474771855,42.95988264536143,36.162929506944764,12.094696475289652,51.139511117115326,1.3046070800606482,50.58837138254129,1.1293175891616596,61.73229417469541,65.41396508747209,84.3520653083778,1.2482780275844392,1.2791835944800387,1.2315021306667957,1.1441825958240939,1.2864608592934852,58.487919214432175,37.06810117388302,38.962691342884796,85.2531644307613,58.707762377670356,49.74096141641882,96.49759232286797,73.39253855907387,44.022352848,64.7435709785881,45.04076063063681,1.0885845429692564,115.20158037840753,1.2581930417626366,1.21135259585831,1.1051171927765178,1.206774194874298,1.2840016972612363,1.2929673306854814,58.842466156925155,91.74367363835918,98.06367552125234,43.524740325485055,1.2629269352020618,1.7651291050738367,122.84398946015045,93.98766699313,91.40422519718979,39.08114512971836,138.6132366371353,89.00110258240568,63.368682377829984,64.86756578294589,1.5185341118852356,113.37868720573701,34.50531471071205,60.07263312778713,79.49792425591197,83.65708592697155,1.198223562891648,29.474751085664813,1.3716003525797174,63.287489497420964,107.44650573292257,1.162927506334626,1.2387111358938256,1.4938555298506841,38.58058598805114,1.3955842141538715,66.18409487606216,1.2985808831058991,1.2696466016430967,1.0972755957377873,43.95649923599949,1.0826628132461806,1.1915335779225738,1.1443167346042946,1.2003501666945264,1.1325599037765244,29.90634958795151,28.849978425696776,54.56650724698668,83.27661901801501,57.37804760792193,58.8335997182473,47.71572032266847,33.64739934889221,76.00416238010621,94.37995900008691,73.6384349333264,36.42684126018341,76.99880571559153,33.295930150235435,127.05776920856025,97.56863312430576,1.2894992473307254,1.292867431309221,1.3415236805883333,1.640186756382683,17.78032241627809,17.239840259777626,28.365889283093402,18.191611622610115
2016-02-08,37.83111979302152,143.32534400987174,1.8056190391956015,1.3552212157786858,1.5826914735472322,80.6236040649272,99.02341227037631,71.16654014864491,1.318789632418377,71.1155965076255,85.59055578162486,1.56752942680271,1.5286043350828993,142.8150937877687,196.9896794632574,1.77337809918586,1.5014778507218822,96.90551827133375,195.05170655283493,361.39702942173597,127.4337580083693,1.2560326475224577,2.7378822755993255,64.54991195974198,104.56758720531039,53.998248930947696,41.15324355044171,10.942936693956423,57.35359249878363,1.3341150354303715,59.57898538656973,1.133065290412278,66.78333318822456,77.22509665427424,97.73830705050926,1.1802893006163622,1.2853140801039165,1.2496060853160145,1.1362375681314525,1.2142559038685006,61.160330322637506,39.787919373389755,42.868854684695734,85.33197841065478,58.45101847455179,54.88600275630327,90.89048581419142,77.22638657712315,51.41293682813136,71.5777940572779,53.28704205567526,1.066002963117,129.4952275512021,1.2475731216975536,1.1868912211139355,1.0825469748720322,1.2124065425879864,1.3121271947869237,1.1631994799505243,62.795233143417526,107.42588038657318,94.61291915811935,59.62857253881543,1.276794089728511,1.427547881074148,130.4205817674369,92.95542101273713,103.69767859596197,41.743132453233436,139.44045459726797,96.4616450351624,63.318684810080136,61.409747189254034,1.4760517183851636,116.24947774710199,47.95215636329928,75.72895649966009,98.64704809813725,76.57300342738131,1.261368956660852,33.13842940234257,1.4151841296755983,69.58832183599054,129.82575268268678,1.145779066212137,1.1873899382957238,1.6538684337820515,47.3404084576649,1.4250671675097077,76.37767260789649,1.2936516722225246,1.184019538585853,1.0874296754309574,54.10993861340319,1.101062110585952,1.2249599395032122,1.1375070407073147,1.215320267523057,1.1558575391897963,26.01566154082503,31.71295593522288,60.25785592544962,101.69267629795054,73.41405436302358,57.30882384810056,52.98011000344219,41.93253561741835,84.40237286268251,128.02638416099015,87.80300874691082,42.11013147571744,80.05727842244825,31.295342211667233,145.93729051348552,113.06328990411721,1.236851392872183,1.2878436721944881,1.331892545644651,1.5923485862453148,20.55901049855118,21.722742347689632,25.53282094464783,21.1992066258639
2016-02-09,38.82393148136562,154.62113897313236,1.7971932030078897,1.4023795375550274,1.3686885651989815,87.5114640415203,110.75417531521515,74.24322372871436,1.3934423211562372,75.91136402197375,88.11114886552286,1.5207004690322021,1.9955914024750632,159.7165336685698,199.57420452723034,1.7709296664535854,1.446535917462875,99.99486051357997,216.51201662018252,411.78698321835293,151.3137825990792,1.2314788895474233,3.841598000665769,79.3734133912033,120.6826145789633,58.02996716268012,45.295384066765266,11.460859881952889,65.62778074845198,1.453038491761124,59.25828599340492,1.140052570670218,58.770743000423266,77.01829974688253,101.17810036843032,1.182160389890205,1.410749373288315,1.2927181356890411,1.1037949075158084,1.218061674057772,70.32702109525496,37.74050877675788,42.39730291598886,91.77700253524239,63.509868514064536,56.19579988013093,94.91663825038438,81.4752523045468,48.051798352892376,78.49190794920172,54.39807866814704,1.1210877536884405,138.18349115979655,1.296298823539384,1.175588068080396,1.1194900885064574,1.2204804071222783,1.366468114766651,1.2576443273454747,56.41522000869346,123.73702833447544,114.12248268252125,58.19581567912286,1.129471869493248,1.5699937742441945,146.3865725456779,85.31473988996258,105.78141475797659,43.71197022265212,157.0251913664085,82.76300571988433,71.85661389303498,51.41483102895871,1.474999912555448,110.37110444138222,53.627080974773634,76.48494978217538,111.60769479142527,72.69888740267339,1.2763706164131507,27.226215039604952,1.368367957493503,56.07124120714343,149.09080071468603,1.17859571196693,1.2251524110281014,1.5232994502251231,52.15596409879245,1.549296479128556,69.12872686983907,1.28122838547753,1.2502956815746527,1.0781482520455203,56.10272331792562,1.1218413946974994,1.3268142351163537,1.1341550081226004,1.2537130744218596,1.1538549337707364,24.711918039652282,35.829463369440575,62.36929043652268,105.62160420236648,82.00786024806678,63.09660171964778,52.04627562890292,52.399037533104504,83.02875026638615,150.1863552518398,99.80186334721989,51.90350823842218,108.44886062604994,30.39029689064772,159.5776087179356,128.8841803329497,1.218750754933989,1.279638461621675,1.2802661349922428,1.6392157162637,27.01411016705272,25.685646566741603,26.84224607417482,19.562639862806687
2016-02-10,40.23775289833257,141.92135919960387,1.963921889602874,1.3273141776389887,1.3883083309627562,81.06059679828067,108.07153751514676,69.57135409290589,1.4626291457569482,76.87805543793287,92.11422953794046,1.4185908656498607,2.047231806528681,155.83998612589434,206.7076998690889,2.027799735288487,1.4467784618922017,108.55986090751026,218.9939476226948,412.5867713481796,147.00535276615395,1.2342504629992748,3.1325654531396427,79.09777845474333,116.94362800884366,55.49353454468415,49.81213830864119,11.643388572601417,62.86961939183507,1.454306869131878,58.01728405408176,1.1187335513754468,57.937983454615456,84.87737954213125,97.16063190229949,1.155707661583544,1.296063559780444,1.298318558362152,1.1176429721957863,1.3982478013096342,75.105359863085,41.655425834227145,43.01862465867141,80.90852556159797,66.8499969402252,52.377395417832844,96.03893574754198,80.10312511701922,53.72541160438692,80.95204952204915,50.608278520024,1.1031275783367946,132.51568637373035,1.3314638556315288,1.1906806074146916,1.1225013719446175,1.2198870888499067,1.3638127585556203,1.2961950444560393,61.95654078585964,123.08002510587873,109.69959332190238,53.58868394522156,1.2449536141720428,1.5855933212975932,151.4548530844006,88.4417428319608,109.35339176581743,42.80525424485478,161.45009317171917,90.76293492813328,66.94928053560932,57.31960617854648,1.502754215182622,109.32953333367686,50.79943884994608,71.71834586657533,102.18979964561476,81.90893887406997,1.220423450512779,32.00621447535451,1.4294100256346998,69.28039590057662,139.04356247432844,1.1404454618549043,1.1673102052349007,1.464064623082391,46.01566237980732,1.4640496393000078,63.24501519697334,1.2618783171504773,1.2313953142840108,1.0505082078772545,52.0478116788325,1.106402762202501,1.2486811017552175,1.1433708186460958,1.335237568459157,1.1805137307190743,25.106055074436398,32.24798097811046,63.994399091201245,102.8437799399848,66.24971054474354,57.41817928056983,49.93359183505431,54.4217161797575,85.23348355979225,145.83979880346467,96.16652671489379,50.2721633163638,98.81394986887958,32.19407844090637,173.11782706493634,123.52996005963327,1.2177794490081133,1.2602844708230978,1.2246624460287232,1.5439940097489013,23.93547053246794,21.16450904800692,29.54416129145289,19.425925726992133
2016-02-11,41.06379570363265,150.72555984662205,1.713551284183735,1.3848690018097067,1.4939975351789316,85.10738741477262,119.52196157532536,74.55273074054995,1.4116734951457564,79.73027261141621,87.2652382108023,1.2641440172791316,1.8773394886946067,165.8169334779919,215.0304727069908,1.9714733249740197,1.4046193058007908,109.29243588909608,217.93375394318798,413.53478157952316,152.6864183869217,1.2499493342717416,4.251559559598483,75.37519496201045,113.12600274902906,61.97931839591705,47.376153079817634,11.76304711799482,67.48201018226987,1.4334544387400592,54.950969115864744,1.1105672247997413,60.559343888133746,74.82140352536666,106.40012440040337,1.1655968321491628,1.287289431030176,1.3080577925376227,1.1409776825194846,1.3457611264327318,76.78960682037533,41.9453909780663,47.40285598165647,82.71391003517303,62.637855729298764,52.329140155596086,95.68706972604843,80.26708054154395,52.60114137625675,87.56301675089387,48.879223792048506,1.0659374393975012,130.35944773532935,1.237892966599023,1.1950218033124518,1.1206023708759063,1.2257711071760118,1.276315432477673,1.3416063823436333,63.27118883959677,115.85525654945123,100.06361858344852,57.26108479123029,1.354915388346202,1.7440745640743396,131.80616639078727,89.71563444672131,106.52299136470117,45.27923378724722,154.80609846870118,82.46871430766001,63.396925639117754,61.87837300868091,1.4424413997729344,97.65310527057608,50.966782179967204,70.07363077310498,109.59167027282702,73.12595001323893,1.2341290655292603,32.16260305186675,1.4155461476415354,71.06952613990228,141.3536851314851,1.158779023671984,1.203051279479892,1.3984963820220564,44.442107458035295,1.4429055389734278,64.18432633227519,1.296800557560502,1.2292837527037204,1.0736787519549706,55.248735714211676,1.1032279227849418,1.2658421061778047,1.1557144294316077,1.0230017060857777,1.17022524891076,23.958458170241276,30.551349063612044,60.60611991581072,103.08692648357977,71.17883461588501,60.94849795563216,52.076878065961765,46.80654354749717,85.88601209986447,163.14416305600403,91.51447777528536,51.55578027892107,115.8982451489421,28.501529149809375,170.04927859132343,138.43259243329413,1.194696165792443,1.2558036883973855,1.3987931039290382,1.6047815601880853,26.908149163488943,19.80385745075638,30.191751056828593,17.489241489956076
2016-02-12,35.49671642814526,112.56997198903295,1.6574363737206155,1.3439604943612626,1.6213232614501365,75.2101275720398,104.54540221045349,68.37466989318298,1.4692070686834862,71.3061798668782,71.86149173615063,1.3702731822861685,1.7328135780809486,138.03664512874224,154.2475369266466,1.8892009185515084,1.3640063130112756,80.2863525145061,164.5417929590136,319.0948136141501,126.37537826383934,1.2461912564856346,3.5211886613352466,56.51468270481837,87.75515410350113,59.82243064199976,32.46842233602956,9.66867811515769,58.175143505548554,1.3966623037674564,46.68390384478847,1.0977767611633986,54.25293455914132,61.55340047863227,87.77002048691065,1.122771901412656,1.4601373469935157,1.2915216013194102,1.1336386999180224,1.3030641310865407,59.393847086934045,41.11264403583007,43.07973303968262,81.05329944981969,66.71315636923256,52.14579209567094,80.77427463848963,76.7589051081294,40.904366358012574,73.34374938055757,47.209672848634206,1.0671521575772287,110.56348719674148,1.2629308194664874,1.1953359106016306,1.1513611118280649,1.2200039192552143,1.3174010917196495,1.3749602643806325,57.80043361834147,104.80120966554628,90.05249934039188,49.52435828091143,1.2517228849638111,1.5665104560544751,86.79821198090963,90.64626889053099,92.32213520984382,43.4105775106293,126.01128599521275,73.17625357987053,59.3749092466235,51.55404266225463,1.390989367672902,75.02379579505904,39.30016321754607,62.12348552505795,85.70312887205992,64.76993645716954,1.2275766937165293,24.077363042256756,1.462932796195982,59.28788637066491,116.43942768505948,1.1584865366379613,1.2332688948797395,1.4763808180753293,38.304422808486095,1.5109100080969315,48.75440718206967,1.2665256047399602,1.2485591375331664,1.0786564591513663,44.874193710752614,1.0982148041944984,1.2824203791806958,1.1456290966877045,1.2296425417362438,1.1435106263139776,27.037254572939112,27.813602142343598,57.03841255811363,91.49360921282515,58.869625631825784,52.133835372571355,49.42395112806369,38.65074230376922,66.91450491966478,138.83516497945948,83.29278837272602,42.055879539306275,99.97939296922885,31.013269394541165,160.20451548595258,123.35676810628175,1.2072608845946278,1.282691935102555,1.318860837693149,1.5155536503297884,20.579715664704132,17.42940853788348,29.23885014527753,19.88032834828967
2016-02-13,33.810386196362785,86.34389775763867,1.9179588365431246,1.266899748477222,1.474865284930257,56.53507687734922,73.28817561888502,55.25521016674064,1.4377388050863773,50.41584338347221,63.96769611779091,1.3926075480115732,1.7228615862749712,97.59772248167953,133.64734179993482,1.5792663645592446,1.3399554262614477,60.071198241642676,129.98481327128513,234.2168819780124,89.56295759737458,1.2601296284518222,3.5339365991317884,39.96304226718739,65.62463420845438,49.8740699029224,28.320844064617816,8.966291859164752,51.92584965412334,1.3858031249837213,45.69926027115768,1.1295945567276782,47.0364599607249,63.14659909904738,77.33345152766363,1.1402489126430755,1.4086825326342758,1.2834945354902398,1.1383836370619687,1.3154629607220858,52.657454089608144,29.551462838176448,39.59002498436645,70.05407231062648,63.14614908453741,46.82861653225491,68.03885938223686,75.51835716940592,36.75512409709951,55.0695511171484,42.75526686546518,1.0879907093503358,94.63367777807841,1.1938013249214339,1.184761185705198,1.1365965307445127,1.2185135700337566,1.3239741606821114,1.1301561749787181,47.41360244331685,82.17336378500569,74.46561522485348,37.015039063187444,1.2623663661815103,1.5209296107872095,73.34749490888828,80.30316255133023,62.5980396602603,35.09269907204425,112.91574304578171,63.72282901443477,50.03358532313427,40.2631194665411,1.4351121647687473,68.5543512500916,31.109798438742565,60.30741266190623,66.21117186059666,51.75865936332971,1.190195869103904,18.051943978958995,1.4953348812847562,46.386100276280246,82.53592935436744,1.1339978089494667,1.230143431834866,1.5028142249787573,33.04511164776198,1.467220870049138,39.54594221869458,1.2784334499926906,1.225070449995036,1.0886163914923013,33.203113704607986,1.0933225230395411,1.2884902070276048,1.143377474269086,1.3938389716592328,1.1894303477174235,26.53320156271905,23.944964335782664,46.41606398051887,69.90722120067788,51.1045369337256,50.844472829221345,37.84340277042019,28.770707613614704,44.82947487259038,109.04185944541473,71.88424826328577,33.234825820184625,67.25596019387947,29.552234830012825,117.90809466130852,88.81980483071317,1.2243531225218791,1.288784030480034,1.3551024529052036,1.5274913150752418,16.6135778425585,16.154367912621513,26.550357108998213,19.53873021989139
2016-02-14,32.459425414523956,105.84296957064353,1.5822498360715844,1.4470446767301128,1.4211936138137111,65.50767813275132,85.0612999963852,60.5670572113487,1.4911492666140633,61.04197554759237,67.51909217579009,1.4126160646364068,1.9676964753317319,124.7181735774018,153.4368390218029,1.4902050081823552,1.3245161929055482,81.28123487573374,156.577409842022,297.8818938440497,110.10899307919613,1.284224779489794,4.262118411337761,56.2806515677878,85.77913796364547,47.3541050065472,32.97334904862885,8.259914490518192,57.382576754026715,1.4332866370411737,50.34131600447844,1.1293888105874408,50.47334218467728,70.04115304909695,83.75976052354086,1.1523211656627321,1.3893906525941742,1.2915237434323992,1.1249307783565734,1.3324357991156341,63.36488784140579,36.00449759286805,42.51275190382928,78.12595336799276,61.45690018085408,49.62748222334676,81.39094629749391,74.16383335370199,43.233823181697744,63.96609672078345,43.85506127410838,1.079362029825342,107.32518475983719,1.2284763603482527,1.1650836741609532,1.13105168718182,1.2184549191666267,1.274572324141771,1.3294062738583075,56.25001575383011,95.03570792130174,84.6213157549443,42.10175086046537,1.2799046328066574,1.796801042057666,101.63769726899892,83.46000469022259,84.58015722696503,38.3762041867638,131.69484122123797,79.2398144501206,57.006287529551265,46.69427088686736,1.4094586283247896,86.11525092978971,40.06263975289838,68.71475193897922,77.71675430900501,64.9061812392817,1.2111704173882658,26.5985386858476,1.419853924913938,55.19147596008034,111.08889772759456,1.1563068417445892,1.2058477798112284,1.4937078965017507,38.1555065867887,1.4630009505700943,53.56559791505258,1.283284635552136,1.1981687191739594,1.0653747506359612,43.25967656765481,1.0994664689039308,1.254275302730235,1.1502151040394653,1.2606063046511495,1.183168440969711,27.99045766873423,23.04214746479199,52.34957711692768,82.66619280970578,58.30956241825044,55.5614553655149,44.98739879670396,33.02692867459882,59.75727879144283,126.31031246324181,73.97688906821702,40.678183285419294,87.88129139703396,26.83116363432035,129.81738366902994,102.99667614444209,1.194853467650098,1.2498076158222653,1.3696765279123535,1.497117822718447,18.425095261229117,18.439594761548594,25.39722161260344,18.266007289149442
2016-02-15,37.41433760270507,128.4466703583662,1.592164902415353,1.387771655281097,1.6747986755683066,73.98244918940344,100.68666451655946,63.26859953223447,1.5685955806671674,67.18859324784344,77.02273679451814,1.4506076879116414,1.9025678657688059,138.39603510212933,183.70282571018782,1.5828397515839892,1.4037122660756267,93.52107870211412,183.99856122723293,338.94553185019834,129.44365766445773,1.2465986792002364,2.9837132525221843,65.86116749534496,104.05907947360635,53.520977555711525,37.54822984658104,8.186331537993766,61.308756868497234,1.426453390357693,50.034573955826595,1.1318330402251435,48.91990408321818,73.74656995090174,92.28722487814741,1.1418670557313824,1.3926052104271707,1.2354361627687127,1.125547264255464,1.335250145270002,66.34098835802325,38.81838749789854,40.0756482729568,77.67211710678373,65.67445914170548,53.39434257806229,84.94529891190489,75.36843952111559,47.307664031194065,74.37750523936735,48.195698953400125,1.077115992884761,113.56315403077562,1.2431101658972514,1.1676360569224034,1.1342796733920926,1.213882431787642,1.259309768024857,1.469094885478522,61.077523369218184,111.2251086377659,92.77677241109618,49.32674939188142,1.2698593023671618,1.4663489765792788,113.02857006353076,91.39364160818,97.66482920964573,39.22368448005011,143.4372169304989,82.02948644223235,59.03764434600466,56.00350874015691,1.4009206375954277,92.01762508824187,45.45904890487677,68.61543298357392,91.1703696824537,63.804094873326704,1.2048267491175864,30.273173952059494,1.444301715493194,61.94583267289363,125.29665139081467,1.1531219797696795,1.2110117989296612,1.4931683329970653,43.01928356546324,1.484601343604245,59.91198459726995,1.2612256154062016,1.2110257338738537,1.0428372318665007,48.2250766199316,1.1033445409430702,1.2337120549104381,1.141912111219665,1.1961258370721404,1.1692787457005553,26.0528237604612,26.387363909571157,56.54276970888818,92.0687490629841,66.77121437014151,53.171849779757025,49.06854328513622,38.37647703524167,71.19160762526766,147.40567661329183,88.43389837057691,44.76351500722791,96.36462058391348,26.54495844841614,148.3682297046311,117.33468627874944,1.2135921244584216,1.2741538892719109,1.2927516651310769,1.5257859685309891,20.640342824146977,22.322965273434754,27.604014349615397,18.12856982120582
2016-02-16,36.15453665273635,132.76710573418836,1.580620238142854,1.4099776168009015,1.4954100181833692,77.86101459505589,103.5760184393977,66.07700149338736,1.468631171867622,71.20119506723881,78.4793766316281,1.440661451049683,1.8615893763209361,140.73190339009395,185.05803767147927,1.6177786430103254,1.387910658718537,97.84845107427537,197.77325759279657,356.3527493334883,132.8205942277674,1.2210462173293974,3.2512665425988203,68.0787600264226,102.57551229244928,53.09405734153462,40.26128860513102,9.29213190790708,60.548141227597995,1.402007519504246,46.574014366739135,1.1380614103517177,44.849191324492544,70.56928693938903,95.1095454455133,1.162946886730327,1.4046927263605864,1.2658843629364314,1.1311540686566728,1.3240648289084498,70.45317140686583,33.80059254535626,37.4255032049027,77.86137215760493,61.358001604198975,53.24596782785063,85.75867837336948,72.81497338779018,47.408840202876945,75.72167750966743,48.27789438252162,1.0838817039409991,114.8519268184892,1.2444484192287806,1.186976251362839,1.1362384401571042,1.2182664917714572,1.3252679259859876,1.3532016138776777,59.74919663038736,117.07513115616638,107.92065244924882,46.13683343897962,1.275652453407041,1.5117227213499294,117.93605924068078,79.04977824390114,99.88505191862654,39.210691199592404,149.78901943136023,75.53560522570206,65.04485102540522,51.71099284205375,1.400318547281099,86.67600207991102,49.019750581112696,64.90642303009164,104.73480710481371,60.32431927101437,1.2128445063136486,24.07571765958194,1.4625138853278947,54.15851811316931,131.8705781744602,1.1612569408621765,1.2107529143981854,1.5349910801528328,44.927309270462324,1.4893620936526206,61.1496643119045,1.2747640564658689,1.2153621964022367,1.0635403372572854,43.49971640753229,1.0926911203661793,1.2588977712927805,1.151572322463948,1.2278393391002216,1.1607217716600802,25.40655237282833,29.04529914624411,55.95000048533478,96.99178972112692,69.37860612889986,52.65822156261825,45.816110541546664,43.660087720183235,72.25624637049316,149.31561233394805,91.80773175363997,45.8784997203181,102.71115795754193,25.98305640204988,152.74742832817319,126.11408895846952,1.2238516535908657,1.262074357793284,1.3800214960424702,1.4919644911647583,23.485285446847662,21.10490398250205,28.835271397455415,17.21932594207488
2016-02-17,38.27534327451085,131.37202389026783,1.6801934216381946,1.3681639644556054,1.4321404436509448,71.31774722050105,101.99263630231317,64.61999077759474,1.438554966109267,71.28147231927315,81.58818420158707,1.4850261006546437,2.0429082688010864,142.33588177303724,196.14990278509697,1.7438481311178795,1.3776634937972105,101.88140608170136,196.0449496285971,366.81331371194136,132.26659665317624,1.2462255435401197,2.3050744851779346,70.48258716559548,104.64368880717464,54.19960209374444,44.38070680896544,9.556919904616503,60.08821178880665,1.4184029392849262,44.59947350899341,1.1286455057049012,46.09859609088848,78.97583559978054,92.1460587754795,1.1445301509216643,1.4017113252825393,1.2384914015200126,1.1321069170870988,1.3267829456126536,74.65130206868162,38.603813207158524,37.66542698480325,75.07066182748588,64.94130072983164,56.906533454567885,89.30170328072846,71.47365684925349,49.81930488894993,78.71178525714592,46.036005365301506,1.0602553968276962,116.99514651692243,1.2569070724556504,1.1963077521100238,1.1365448179854398,1.235526191215493,1.3005670574638128,1.2862305243468004,61.8988301106384,118.9529817078698,106.75280966993866,48.274685559738444,1.2677340258417669,1.3673372653949603,136.61205967687522,85.60469521946139,106.76496989109847,39.453834606327376,153.76258767221373,84.32817302923377,65.50818816436032,54.33434448246341,1.415918425973266,90.19778980909766,48.48350523761177,69.39029240364228,102.035978483827,71.66954332658614,1.2120387718098522,29.823583919924943,1.4166393529095673,65.90799117405469,133.69705160306432,1.1692081064955067,1.2320796178705375,1.4717255755003262,45.39398156682587,1.4363618138296554,68.4934308853845,1.2831213302838067,1.189846866696477,1.078359644481056,47.84444456010882,1.0954644471046489,1.2289827374473896,1.1436550181784304,1.2120603095158538,1.1591223507315287,25.874294037215375,25.24507275359418,56.321984218654805,99.34352430804067,60.91752273837665,49.53587138366315,47.25733398570638,49.00717169169694,74.84157369860222,150.25697197563977,85.8915883669904,48.82658070231176,100.46679690809313,27.10748089496597,162.59417207176915,122.2471066785323,1.1927557885379687,1.2611752161005165,1.3896718717634808,1.5257871370450564,23.79441270621855,20.70961704642899,27.700858101302124,17.663619439919337
2016-02-18,38.01986770115527,137.87479363020043,1.6407116481202149,1.3736116453904659,1.40046069782177,77.2308151297809,107.0528389630729,70.70375079507693,1.4619663302770702,72.27263188541063,81.73591030254522,1.5000260274399169,1.6652064632199526,146.31253581839633,197.39203837532193,1.7223878188967197,1.3929656363446525,97.46237834988472,194.24437128213046,377.70158405241546,135.0508194229008,1.2567888120870052,2.692912294866119,69.19662616126887,108.24697323727429,56.29942069791825,42.76115466591797,9.405709667483833,61.02469972458918,1.4711488527030416,45.1175903037954,1.1253662944288434,50.994806920065265,71.04013190869215,98.75250930934038,1.1531452275890128,1.3949157805660322,1.2505007582433993,1.1368667661557985,1.3206441419763824,71.88932055671222,38.43871985550507,40.02704621474696,79.34019317978492,63.70014583204593,57.19573892200267,90.25815285560432,73.30116179296724,50.660847916925434,80.29310582900897,46.86059821178944,1.0776212474931306,119.95441284254599,1.2309617486295354,1.1749962188663958,1.1304867017158582,1.2201301189127784,1.2693406768249629,1.314336581394318,63.009970808120464,119.14780134744281,102.29006452242962,47.363832381306,1.2613421816283943,1.4214774450690735,130.31281696250954,85.06483444899389,102.16914781752385,41.550807020859516,150.08002344496035,87.30106018416026,64.79884931963917,54.10166622376528,1.4329727709235374,91.84290125199108,48.4156568148951,69.76926374381182,106.38788229034654,72.70148467418558,1.2093940271823551,30.62342294675321,1.4478083596533942,68.2343955224533,134.7599540982631,1.1522579154317687,1.253950068457209,1.5007205866233588,47.091525648605426,1.4514797219127136,65.73723776058043,1.2790735473781312,1.2154550761811216,1.0726820537515365,49.493408269534264,1.0972618176433697,1.2437312094088289,1.1439953061748793,1.1956577630768588,1.1625490936086527,25.71625887639201,25.699565696438533,58.09725595876402,101.73507688722154,65.37851929574063,52.59529732386365,53.18265720168983,43.85789317531504,77.90056010317416,157.9631526216534,89.17963600056217,49.273984347904246,107.82083892137499,24.308415556428738,168.04274169003338,128.8583181546232,1.196564066475624,1.2494506025694463,1.3749848057193224,1.5319869104888204,24.02359832267608,19.872727463513733,28.91812585443607,17.636238020347836
2016-02-19,31.388673187385603,111.71390600056372,1.6493645292553198,1.3980758420260027,1.4270412641292305,69.45770145971747,95.8259142885221,61.36007344685955,1.4055827723884189,64.0334419612396,72.23602335897266,1.452257661458302,1.8268917615519529,122.97595778099031,148.9677698614419,1.7388064422694054,1.3550817863870916,77.3239256580975,155.50579117129143,308.6653584670507,117.87687875928083,1.2409052062438386,2.9515562354954987,55.08315225128783,84.80104069054056,51.867274110301075,32.12515552734769,9.366158666866323,54.12951893374951,1.4255827393176077,42.60423142966635,1.1287331358345973,46.01648556095671,58.536406729375585,83.75740229905209,1.160736657096363,1.4424204314410216,1.240598677353384,1.1414246458157804,1.3549582692341766,61.363341400691056,33.63032089781284,36.02544664484791,78.50189547003933,61.71041589851062,51.158280128280715,78.49972864067793,70.71249470982124,41.73666950650508,64.04230051109613,46.55048608327871,1.096590600519074,99.1129756433321,1.2398951053686846,1.168491855904749,1.141211105455901,1.2191358730288058,1.2795093015430676,1.2979092689459277,55.324519713248556,104.03975312980178,86.49083036538545,39.25495010373601,1.2459021832290782,1.433904524144203,93.50686186642871,79.47282605184758,84.36818252804736,37.42603888500766,120.8572971231952,72.1088784492733,55.48673547831408,45.949630843240186,1.4397162641966386,81.36512933390145,38.90876660585087,61.94690821599035,88.58960209637189,58.89436923832805,1.218231810488316,22.302038371811506,1.4920323483586584,53.067848191727705,115.06814793460404,1.1470350213809297,1.2407754367011106,1.463684710231712,40.54455163017021,1.471760909122723,49.70606844491486,1.270396286883642,1.2391594897779985,1.0462767920423814,36.399221393801376,1.090669398855897,1.236345754436269,1.1482100261058326,1.240611675182007,1.1527513021744085,26.108075989134235,24.926155244576442,54.37469779140261,90.00058892186688,58.45243871211852,47.852322536390886,47.250264462726605,37.51646588233998,66.46962023302922,134.0106765355466,80.81523629230406,40.553269857966285,92.22141360677432,25.364692388995234,149.88136807417428,114.91500142983085,1.205786564247091,1.2575399712356532,1.3421068975235013,1.5158536186031162,21.578256785748763,16.016189522991404,28.264532847699236,15.871624755587014
2016-02-20,29.2276558497954,90.25839793564458,1.64487462759904,1.329759546483576,1.427594446372317,57.58827482000491,73.93602634891613,52.61344043408376,1.4219042859960813,50.099418734839624,64.35940756640507,1.4357457889033056,1.8435882107559247,97.23888212840505,130.170680623964,1.769361975947469,1.3402200263383268,66.65173721258395,133.48415128317103,234.57801673147577,91.33207939100723,1.246070930480179,2.881240113736924,45.76296857833415,68.2102609454038,46.719626826330334,29.512279685968075,9.083717835167384,46.22692017936431,1.4241529678661844,40.96843934212055,1.1372075324141704,41.894213181719664,58.30269551851655,76.95676291789376,1.153623741467265,1.3844772464904553,1.2230707172647795,1.13963597327324,1.3449737509234962,54.98569040241608,28.129281407446186,33.44906652183386,70.17200571832596,61.01671249200976,45.64895187005732,67.16744512782898,67.2164329793419,36.52895912744071,53.635189594808494,42.45572322366957,1.082026733316355,85.59834063562425,1.2219227960595498,1.1748551497704167,1.134457216386021,1.2294799337341897,1.2809329798883449,1.3050312343919122,48.240448329288256,81.71423842544702,74.46570284327512,35.096693390856586,1.2892016304834149,1.4723651971971325,86.44278825012523,76.32575648877307,68.88142073190576,36.74850544017773,108.210989693653,65.57271298302557,48.77106305862104,42.54753351245473,1.4251321324594328,75.21028860119095,33.69568450140656,60.559559821086395,70.87733901247148,49.76572593944229,1.2191452420300628,20.876015200310675,1.4424330368538634,45.84100509917059,90.28045267742547,1.1483309220528133,1.219899651885898,1.4630950485265273,34.38498744393516,1.4651417381226044,43.863591711449146,1.2735947040749511,1.2173791833838101,1.0637643879997338,32.50995235743556,1.0936627320562755,1.2460460263550495,1.1492197859722308,1.2308294805387296,1.167448804522082,26.569890753391658,22.65970585369993,48.03905659505514,72.92595095070904,50.271986409932,45.1787011766763,39.62417768563311,32.63392368320531,56.315071568154195,110.76198905182099,71.9170358190283,32.821978065537536,69.28001887840617,25.680232384768207,118.55530010999533,89.31979854061554,1.2099343711366735,1.2506179297492934,1.3913603278519118,1.5225022254064116,19.798654891518446,15.712521863256605,26.139554764038095,16.246005216939245
2016-02-21,31.86845152057514,108.08096525587942,1.4365945410829655,1.3567426113059369,1.4725500900703583,65.27406987107186,80.33572235338985,58.793764352041,1.444938893505432,58.5347164571678,67.38194596639306,1.4176329201929885,1.7279743390829863,116.53675676938683,157.27655070653935,1.6623149767513001,1.3742744623968797,78.3237284834256,157.12425143791512,289.13973318041036,104.68996669901193,1.2546876975985262,2.901022031707919,57.372999500653066,82.5526968005546,47.47780620406532,33.19385979819005,8.590369972377765,51.56543222959025,1.4822532828442756,43.14780286865606,1.1221788624133904,47.17651862016711,64.30335294054785,83.61158488524183,1.164449445626888,1.4195049240550928,1.2360113600858949,1.138856565746073,1.3399548692644698,59.083095023183276,34.973331814167196,36.12918178483026,74.8409401402937,62.269233588362894,48.874057115001946,79.7687908784968,68.73158324577187,43.668652039093345,65.61353445657393,44.405870369448095,1.0780742752073484,100.26743119424707,1.23440050453831,1.1652165839718696,1.145096434127214,1.2198298237932048,1.2771367259074684,1.3236980228112765,55.20508236219868,94.73382315612692,86.66336850305538,42.55230135540624,1.2813021069747674,1.5687608550881835,105.97267184248167,82.6621221127101,82.40076844407635,38.97927006323452,127.52541219030053,78.49516179570361,56.792332680634686,49.09937563490226,1.4278016362267765,85.25023194836606,41.334471032656495,67.43561022355965,84.46000554606817,65.10363929293828,1.2325099672063013,27.47631501667241,1.4525215712531272,56.81728576436362,111.06440049601585,1.1589347299829296,1.2235926372060009,1.4642051799195384,38.498124757200905,1.466541111925865,57.71150870684835,1.285582553493786,1.1999538076658287,1.0799006329655714,41.863501613886775,1.099874477425919,1.254791584438486,1.143624539285327,1.219670845627506,1.1507037453173297,27.066002703338388,24.6898419091359,52.18053898828299,80.96965266066809,53.04722183179604,47.676927102255846,43.293488146172194,38.01230091428012,65.65239283660569,120.562762573014,76.2040673604979,37.92229990367605,83.99008458263415,22.256007039793936,131.1285476667683,102.24129876258061,1.19842820421136,1.2626439754797278,1.3343812688715861,1.5047325552069588,21.724816708349124,17.634160815667236,25.4173157095238,15.74827864163899
2016-02-22,33.545175469016726,122.39829652600145,1.6229483026573073,1.3734560570388914,1.4670142316503236,69.9395898973103,90.15545942873467,62.64978388218208,1.4514397451852215,64.36326489055563,76.24955556030481,1.4403165920515424,1.7618354555833755,128.74432272787504,175.86371009535213,1.7081489429945318,1.4058583788195769,88.72341337169873,172.2501805921887,320.763656179687,120.61143192843525,1.2582927204004837,2.1793448122651906,61.455386350257626,96.3299458744508,48.03239447529823,35.77694031033663,9.083292897156522,54.05508183610177,1.4380557673387544,43.668701975767306,1.1241192586586704,46.61124272334719,69.23725186049231,86.76122737338835,1.1492181724599126,1.3997192385550297,1.223360999927871,1.135827902097069,1.3571698910961327,62.456950657634394,36.907600328396626,35.94681239388639,75.6346951057723,61.94109839123445,49.94663109234469,81.73010515013533,69.51938169589822,44.990037851352184,71.45051969044931,46.0049584528184,1.0845035985014222,102.30171086437154,1.2540213543186176,1.170467217281241,1.138676103255254,1.2134813538860378,1.2731678677030565,1.2979290893411062,56.68257926284125,106.37389109960532,95.64006124472479,46.659077345608736,1.281257735579824,1.303487279532952,112.27813888614467,83.02358309815807,91.0072604075785,38.864633809096716,135.62172003671034,79.01265780356005,60.58452312198992,48.19524267779717,1.4154874541563935,84.39794090036293,44.94711781933547,69.21619247269312,94.15672947460207,68.80363850643818,1.2248461629638077,27.813863285813554,1.4567210005088163,57.525161307891636,120.42156621057,1.1750678037129838,1.2320598841875445,1.4800676327424764,42.88066167179594,1.4491556833145434,59.90399263489837,1.2746774125537965,1.2071984544872547,1.073427901827173,43.37334672004286,1.0970907308704188,1.2484782795256102,1.1398414899100047,1.2791336130596302,1.159705429341531,26.303331343064265,26.61311721563395,54.742642026633064,89.32432693952404,56.115071088425196,49.24383084911763,45.208327068714354,41.64784330798926,69.67323092537882,131.197859170354,82.35160421379507,42.00134125434763,91.28149498134376,22.519199646221406,144.8052105224078,112.22675065563847,1.1972550152927415,1.2636325258907832,1.339027641732535,1.506130603721309,22.90305512398006,19.435026387731202,26.664703641091478,15.775044586659384
2016-02-23,32.598424776444034,128.66485689441777,1.7379600423935422,1.4192447917219069,1.3043815369875364,70.25108660901364,94.7520756011694,64.69870700083699,1.3908731097224476,65.23019492471225,80.85343891919288,1.4435215293676784,1.8570129189825462,132.03800999272477,180.81858433565625,1.6962786360640663,1.374237407796213,92.90209097979397,184.4758099357647,336.5006437459348,124.27306475779642,1.2299754140580426,2.8056124449192854,63.55697584983892,99.20460207714535,49.0717487143917,38.4190390339791,9.243402745116136,55.37751545682105,1.4275411390949546,44.1164115974624,1.126944726430747,44.24085935200715,70.61779245603742,89.0397860783859,1.1482334567817385,1.4016601192722073,1.2425638430357602,1.1355184053716851,1.3368203455358045,65.38672175050274,31.99726941472636,33.55279696691018,73.42312385388075,58.29286492294929,50.157731737061006,80.59936434281764,69.16329741572198,44.96323091253638,71.13248778031524,45.01328332792188,1.080933010173063,105.70740298286759,1.2538322924012995,1.1751692812588561,1.1394770899309885,1.2136889899392045,1.2924589770603894,1.3134213611939618,54.68677309501423,109.12431896049891,101.48331163907662,44.678286992459604,1.2591500145221084,1.4449664338728194,115.86804894634625,74.10194129257457,90.19777061543597,38.05664258910421,137.51814233204163,74.04239515671523,63.107437427459224,43.96390150056797,1.4280805619595671,79.3811326138118,46.35559046433193,66.34408278842477,98.09704884195311,61.20638804805258,1.2293216281627202,23.25570455013768,1.4650717626043457,51.56164681384574,125.26793516586443,1.1586115262629266,1.2328762432747,1.4991892623480654,42.06559925981246,1.4537251384752854,56.122244863036855,1.289622715064973,1.195975649415544,1.0667810988104747,42.32661758347997,1.0958142376100128,1.2536772298877437,1.1406017230245524,1.245555663929499,1.1723246244788845,25.631959765543073,25.702961359319275,55.73225909651631,92.73843449200007,57.969936002119795,51.56053357556405,44.742744684387006,43.26013753064893,69.01651326424201,137.3420137731827,83.12876647367649,42.94583445924086,94.2828192766251,24.393602864137474,147.98015191684763,113.54482371578621,1.2104696499479537,1.2449406566200798,1.4044111553504095,1.4865378348524874,23.297732801517945,19.440203466701345,27.296920969728582,15.827264930108035
2016-02-24,33.70106764399429,130.75289877964542,1.6320749791222902,1.3697796346162179,1.4334684935622146,70.56275100508023,98.25799713605026,64.34468442625733,1.4365322435763836,66.15252500607717,80.24539375998273,1.465664752552369,1.831253449065167,135.1179257778811,186.65996396023104,1.7452607616324025,1.3355220769111626,96.73765053504883,188.48608192684037,349.16363544284206,124.511801395545,1.2421347824032223,3.3313747157134994,67.17090612585764,103.4959159422628,51.249466544016755,40.381769673848055,9.60676573857112,56.72571413209826,1.4368139083147975,43.60349385770671,1.1163147624841163,47.375044760218195,72.7816779605204,89.62288243726212,1.1415967166666912,1.4365808736424641,1.2506809798201344,1.1366516697802782,1.3584442060615027,70.32189043173847,35.642642453888,34.83876296634301,73.69217306935484,60.591006494214014,51.77633729734792,84.28934727053878,68.25581843735412,48.37568190612018,72.58975665222883,45.025146857897454,1.0834574910884767,107.52204287396158,1.255294530773543,1.1726500800367528,1.1484328034296505,1.221025580222861,1.2870818335081888,1.363507683548868,58.460724985604905,112.86101636090596,97.5706062751803,46.0365701880101,1.2731161417697052,1.5564260068732496,127.25211277141533,77.81863123867612,96.59071962673761,39.79454017032018,141.3467416513934,80.0635756912251,62.28079455595704,48.532892028635544,1.4388955016452276,86.52266350840844,49.15722907061909,68.4871103136388,97.62703891339918,65.35920838674826,1.2340362553245785,28.122443483919376,1.4522964009309551,60.0997284807479,128.47501091612014,1.148621007105503,1.2244749168879627,1.480844614025844,44.287870961232116,1.462761873021181,59.98735955082219,1.2878131568230873,1.1997494166111409,1.0677725492663657,44.894337986062105,1.0989568855534506,1.2518935412007084,1.146016892317107,1.2474510356598538,1.1635276229640876,26.069439110818532,24.173414592496172,55.30999180413501,95.68616233617598,60.858404288474844,49.40391726977634,46.31303118513609,45.128785779819346,74.29196168756938,144.80810419989604,83.32567241176638,45.195837594541196,98.45295264419218,25.129675778860463,150.27783611168,114.93301737770906,1.1974047914657178,1.2561024145284254,1.352188457206526,1.4996630585593533,24.867640358169766,20.144492368526798,28.397298560778324,16.471629052681052
2016-02-25,34.84846571500219,132.52739295159984,1.5572034730273523,1.36482870700674,1.567669690079248,73.81051693560016,103.6825654559359,68.14215166938527,1.4356958791897219,71.2296100525181,81.25599011237495,1.443286601562706,1.8578431300563247,142.2385917476046,187.9566867094901,1.7741323503621227,1.347295060477157,98.72252762320016,185.71264908562307,360.73051762875156,131.43356181393946,1.2485470804703125,2.9585434973720712,67.26218979066735,103.8943613449839,53.67283096086507,38.92960163960732,9.732219015363473,56.82222736246067,1.4122312799386076,43.01728230551196,1.1248550236716852,48.50687342833505,69.70117106782507,91.85254270388029,1.1371878127061779,1.4063775776327592,1.2464586237826967,1.1361642796756246,1.331275507565124,70.28615329564003,37.48915469424597,36.049757885955415,77.56838329978095,62.88978670189863,53.71511951469465,85.262980227904,70.3506131458648,50.18749961007099,76.8307210373188,46.60848914429836,1.0824882426370799,109.33653672255798,1.2410934260573812,1.1702501747664376,1.1383836502402853,1.217954635238355,1.283490547070289,1.3331538788311572,60.803245314075795,116.16085037796805,101.53361774418482,46.458918861888364,1.2935061136278527,1.4605329811721808,123.81217721293982,82.289483306103,98.32937704894204,41.31401661652983,144.14463823340157,82.29503141426085,64.01905880437512,52.22627083482563,1.4236303551590146,88.79326471832772,50.758376120125895,69.43493864490458,102.01131948686708,68.11367988667486,1.2399983503413883,29.567914222545838,1.4577510994929208,63.64995607008008,130.86786678048168,1.1481609846008423,1.2444081829403124,1.4877029581382195,46.08988443765568,1.4727411813603069,63.87390598036728,1.2914142735398977,1.216560590560875,1.0695733657859117,46.653207169492845,1.09632185482831,1.265602163798196,1.1471846953017533,1.2504557882880274,1.1620810295693083,26.3518555810399,25.555098443596847,57.158926237239726,99.75173990978631,61.69233397947848,49.52934053891157,49.176905981386554,45.246327614329154,81.34698621486811,150.86037678569062,86.3893603020096,46.07568508407756,103.6226987120678,23.274907667860163,163.18608731589185,123.63338937954933,1.194968816148547,1.2642093200603062,1.374720338649324,1.495156105496334,25.064133143068517,19.613775453541553,29.70513849241039,16.657848421853153
2016-02-26,31.823038210315378,112.6935458576773,1.573117045344338,1.392473560745442,1.4654420467290015,67.99086262193825,94.52171874192416,63.62965808891939,1.4126595731686047,64.52903769882747,73.84473125728218,1.42120338466783,1.8489271865738415,123.07823905739362,155.2174569815857,1.715386772838817,1.337941623761794,81.93826706018245,159.00917856195127,307.3389243831598,115.34812269053558,1.2395309560965166,2.567663240317886,54.86507958272995,86.72128400482552,51.591493371036485,31.676206559476874,8.8402001747587,51.84504061215958,1.3803277311973507,40.97752167838057,1.1288700674291068,43.9116893037873,62.77672777045575,82.257353299978,1.1464887802830561,1.4304469186863162,1.244882901684148,1.1390566026324582,1.3289029846256355,61.536812344421726,33.03789805831091,33.84792378833977,74.43603619179135,61.09093394246456,50.77713454510358,76.1158952189854,68.92994484214618,43.39457833873946,66.38616445999403,45.16359176299832,1.0797192215119895,96.9353866899285,1.2400428028240669,1.1697295698892292,1.143481765866524,1.213492248975633,1.2832375575700339,1.3388433383717449,55.31849164605857,101.36620310015346,92.8287788556407,41.57556522482237,1.2622425595031086,1.3849286280273565,99.69577266950786,79.28748298624909,85.96519501299096,38.47591345716396,122.19077535493878,73.13193834186502,58.33198311105005,47.57163992358029,1.4095422880648958,76.43108777537,42.73357773908937,64.01593289601138,90.01181993017028,59.74508814447632,1.2356993264946554,23.782279581349094,1.4702749060804625,54.65147718227671,115.80803407554829,1.1549799253098603,1.257253370844206,1.4786625395595656,39.86701751581559,1.4760652378445178,54.42093268407123,1.2874629419711634,1.2171929726239323,1.0766388728540042,41.01164776539188,1.0946200665346795,1.280429895596741,1.1471620025036402,1.2603719800408482,1.1642697104529232,26.9511683966702,25.243832576183596,54.96386097721097,89.68112220847065,55.72369823653352,48.45394756031905,45.12810671365827,40.31893703894333,71.20056117550553,135.642774577902,80.53720079075312,39.44781366683691,90.418452797547,24.06256997613866,149.3391367739361,113.70560346451381,1.2019370762193184,1.260165192885676,1.361216596451902,1.4836924969561829,22.668189223208948,17.59282983143574,28.043414441749263,16.366790658134263
2016-02-27,30.369161959880806,100.16070035976631,1.5548004310768753,1.3775192770304652,1.4058192884215712,61.898581656934304,80.80823749652367,58.083392136490225,1.427489718740887,54.578401090833744,68.34659265810018,1.4363660197630996,1.759087313754363,106.2503377431146,142.24889431386265,1.6616114962759756,1.3287542206524314,71.9902082228158,142.60503366397154,258.6170291845427,99.30808193855165,1.2412361821182776,2.636352447480661,49.251982780021606,77.76627331484644,47.61817813373439,29.993068883485904,8.718956744022844,48.491283326287636,1.3962598622765987,39.607369913457006,1.1233887598513241,42.99768532581594,61.97452373479295,77.2221280487529,1.1443533561936312,1.3889094984773909,1.2334090832838334,1.1381684727700092,1.317247054659782,58.3872479092715,30.47962472674621,33.22149764724403,71.97088147082022,59.70780369223975,47.53766182440336,70.35083056734179,67.30286888987939,38.57995053769818,58.54413077278235,42.72472041958693,1.0835787064868807,89.61312216174002,1.2346620906862658,1.1702246362678053,1.1359099635252798,1.2205807176827346,1.2752267892473634,1.3457883658618104,50.68029063695123,87.0592382439753,79.58108658832116,37.58259183932003,1.2650114194178692,1.4169165767253646,93.31263003494547,76.82297941050146,75.21494131766543,37.6651938425118,112.40897063300409,69.25844694874078,52.85702900028072,44.40369282379833,1.391045810877774,73.47127764412804,37.98729044951232,62.231462032294566,78.23374673396413,55.63163227261127,1.2296077228925928,22.203428789690307,1.448224692124938,49.19016325232049,100.0744133421939,1.1561546426914728,1.2598681950640138,1.475369933922397,36.032636956808076,1.465766752986743,46.4622813421808,1.277674847349065,1.2056688750527778,1.074123769687776,37.26365768485145,1.0929879451775708,1.2788905845051792,1.1449014528694836,1.2781254332261556,1.1701906648170854,27.313425012940783,23.605462960647923,51.273575885282526,79.3280200560509,52.93122920543621,46.52607408789663,41.666829985638074,35.843087313187354,60.74594161818602,120.91932872630933,75.65045387999125,35.6864018027331,78.23561491868882,25.715260017163633,128.87479156819933,99.77323778566816,1.1966210143525222,1.2519164398227098,1.3385387329577352,1.4912484913997095,21.85616601693664,17.903046242632684,26.609976397947516,16.30042735284365
2016-02-28,31.996560309416264,114.54428850492641,1.5878011866016832,1.3923986178653098,1.4543303834818992,67.15058146014898,85.49635638014057,61.62899136902522,1.4454521384400656,59.97378846742884,74.63158684831527,1.4387877444241353,1.7977292888882843,121.63394983716249,162.34592440899644,1.6631416504361982,1.342084429916866,82.84156528179986,160.3026990728082,294.3451126317542,109.51151808849696,1.2495710765316401,2.7005106641009107,58.538976877390695,87.65058101224213,47.08239199484427,33.687298419313805,9.22627583028645,50.76607610558282,1.4235173885914847,41.76872265875647,1.125104525354598,46.99149126657866,66.5276019286731,82.7136417479588,1.15101712859824,1.3945092637948018,1.2466288009972557,1.1361666359237304,1.31991483888842,62.41739738702946,34.422163606157525,35.006908343769865,75.33494138105726,61.31939298092074,49.284756851618226,78.47362178176279,68.13567840243189,43.96830390518718,65.40531068519601,44.32542115299472,1.090501276004899,97.8988029877092,1.240227508105143,1.1678801929019431,1.1376762619374092,1.216261691783146,1.270871468537842,1.353816668749487,55.37615195766003,97.46349436189355,89.96483340868701,40.80084457364899,1.270686981350023,1.4250722581627981,108.36305168129473,81.60764455886977,83.02110387619766,39.34146858400091,126.49841626282073,77.78661801158216,58.56102395369774,50.046402455640695,1.4113098984225525,86.22273957633956,43.641273878423625,67.51851616435407,85.75605565077437,64.18904228594737,1.2273483533780745,26.874616118842567,1.4579817040250236,57.37865527872273,113.18872649938069,1.1610670994094674,1.2398874615221318,1.4760953138875936,40.65052980244903,1.4668672100390783,55.933906458254256,1.2876929843801457,1.2080834594582286,1.0708995362950224,42.17200784280607,1.095427084166391,1.278183860074881,1.142079869150689,1.2657592774274085,1.164825625645911,27.61256378045516,23.62429899231772,53.96938958342176,86.92360089232535,56.73760380187983,47.814012541136364,44.88611643994354,38.86824151985728,69.99841625261406,128.6491684883906,78.90392889234626,39.23078287936703,88.52860608179357,25.0405066856447,136.26773771417155,108.64728796282142,1.1989538969190665,1.2672163596849417,1.333568018746389,1.483041575071974,23.781706102285078,19.077746851317308,26.99206991992541,15.902704215763219
2016-02-29,33.33508435275472,126.21570656482237,1.5961699319179155,1.3734932156474562,1.4328825046237785,69.93497283346727,93.57128191675125,64.61902417136199,1.462735126152722,65.44196867193284,81.07683351497366,1.4625394510577663,1.8907482798893196,131.6637270285077,177.73832327509444,1.692258306197148,1.37557620971989,90.59068069463379,177.35584524654496,324.3794030318585,120.25750907426428,1.2427766277817476,2.6187783414929378,63.47779586281908,98.1350968734751,48.44883691834899,36.19884155498017,9.038031061581911,52.88282336715457,1.3947939717749849,43.142505093710184,1.1338702163443566,46.948628521143775,68.97798605207998,84.14281392030564,1.1489648446603151,1.388865084933816,1.2367389134304847,1.1353649449760719,1.341491731786368,66.50597120015136,35.04157983402952,34.546659997425216,75.97679473937123,60.96032300712011,50.00701799495309,81.7077545557199,68.64517172554989,45.6052271055367,70.63921811559094,46.09861099392371,1.0830212760556652,102.96058599196891,1.250571847687093,1.1711485904411068,1.1334707793145913,1.2161118727887397,1.2791969687116183,1.361280370916049,57.46662865256652,105.46775739661419,96.95071784311835,44.683926169803854,1.2809769899526766,1.4410166382037715,117.17855993279845,81.95577783248704,90.31702941671742,39.30424905771011,133.04153315311993,79.77638022098193,62.192068810732394,51.36999901981183,1.4141503976553584,88.54833263567897,46.78674940915767,68.47173110940707,94.0881683951225,64.69763403848286,1.2135106121438624,27.808599996986445,1.4585340141376193,58.30491059619321,122.91425236377589,1.163082630595779,1.2411600265816527,1.4875341611002095,42.98483667475325,1.4658601124507484,61.36979017765,1.2853124185235858,1.208104934501458,1.072053142841627,45.51316838467085,1.0931333918978647,1.2674062720222015,1.141522548742099,1.2578546826094,1.1650275440653644,26.6809755834269,25.356056933441877,55.793040533251734,92.8247847396201,60.21003940680586,49.05747782209089,46.92587173348197,42.52657736925051,76.08592585156597,136.10562888477546,83.54965455429932,42.05965264202388,94.55707303768435,25.586175183447224,147.3052665761894,115.35902736472148,1.2029861837621119,1.2614273576675803,1.348018661986707,1.4885988908109493,24.768002501016852,20.024869078464974,27.335175200351507,16.08383616341295
